-- MySQL dump 10.13  Distrib 8.0.33, for Win64 (x86_64)
--
-- Host: localhost    Database: asm_php2
-- ------------------------------------------------------
-- Server version	8.0.33

/*!40101 SET @OLD_CHARACTER_SET_CLIENT=@@CHARACTER_SET_CLIENT */;
/*!40101 SET @OLD_CHARACTER_SET_RESULTS=@@CHARACTER_SET_RESULTS */;
/*!40101 SET @OLD_COLLATION_CONNECTION=@@COLLATION_CONNECTION */;
/*!50503 SET NAMES utf8mb4 */;
/*!40103 SET @OLD_TIME_ZONE=@@TIME_ZONE */;
/*!40103 SET TIME_ZONE='+00:00' */;
/*!40014 SET @OLD_UNIQUE_CHECKS=@@UNIQUE_CHECKS, UNIQUE_CHECKS=0 */;
/*!40014 SET @OLD_FOREIGN_KEY_CHECKS=@@FOREIGN_KEY_CHECKS, FOREIGN_KEY_CHECKS=0 */;
/*!40101 SET @OLD_SQL_MODE=@@SQL_MODE, SQL_MODE='NO_AUTO_VALUE_ON_ZERO' */;
/*!40111 SET @OLD_SQL_NOTES=@@SQL_NOTES, SQL_NOTES=0 */;

--
-- Table structure for table `brands`
--

DROP TABLE IF EXISTS `brands`;
/*!40101 SET @saved_cs_client     = @@character_set_client */;
/*!50503 SET character_set_client = utf8mb4 */;
CREATE TABLE `brands` (
  `id` int NOT NULL AUTO_INCREMENT,
  `name` varchar(255) DEFAULT NULL,
  `created_at` datetime DEFAULT NULL,
  PRIMARY KEY (`id`)
) ENGINE=InnoDB AUTO_INCREMENT=78 DEFAULT CHARSET=utf8mb4 COLLATE=utf8mb4_0900_ai_ci;
/*!40101 SET character_set_client = @saved_cs_client */;

--
-- Dumping data for table `brands`
--

LOCK TABLES `brands` WRITE;
/*!40000 ALTER TABLE `brands` DISABLE KEYS */;
INSERT INTO `brands` VALUES (42,'gfg hahah','2024-06-06 08:49:00'),(46,'gfg ok','2024-06-06 08:49:03');
/*!40000 ALTER TABLE `brands` ENABLE KEYS */;
UNLOCK TABLES;

--
-- Table structure for table `order_detail`
--

DROP TABLE IF EXISTS `order_detail`;
/*!40101 SET @saved_cs_client     = @@character_set_client */;
/*!50503 SET character_set_client = utf8mb4 */;
CREATE TABLE `order_detail` (
  `id` int NOT NULL AUTO_INCREMENT,
  `order_id` int DEFAULT NULL,
  `product_id` int DEFAULT NULL,
  `quantity` int DEFAULT NULL,
  `price` float DEFAULT NULL,
  `total` float DEFAULT NULL,
  `created_at` datetime DEFAULT NULL,
  PRIMARY KEY (`id`),
  KEY `order_id` (`order_id`),
  KEY `product_id` (`product_id`),
  CONSTRAINT `order_detail_ibfk_1` FOREIGN KEY (`order_id`) REFERENCES `orders` (`id`),
  CONSTRAINT `order_detail_ibfk_2` FOREIGN KEY (`product_id`) REFERENCES `products` (`id`)
) ENGINE=InnoDB DEFAULT CHARSET=utf8mb4 COLLATE=utf8mb4_0900_ai_ci;
/*!40101 SET character_set_client = @saved_cs_client */;

--
-- Dumping data for table `order_detail`
--

LOCK TABLES `order_detail` WRITE;
/*!40000 ALTER TABLE `order_detail` DISABLE KEYS */;
/*!40000 ALTER TABLE `order_detail` ENABLE KEYS */;
UNLOCK TABLES;

--
-- Table structure for table `orders`
--

DROP TABLE IF EXISTS `orders`;
/*!40101 SET @saved_cs_client     = @@character_set_client */;
/*!50503 SET character_set_client = utf8mb4 */;
CREATE TABLE `orders` (
  `id` int NOT NULL AUTO_INCREMENT,
  `users_id` int DEFAULT NULL,
  `order_date` datetime DEFAULT NULL,
  `stutus` int DEFAULT NULL,
  `total_price` float DEFAULT NULL,
  `shipping_address` text,
  `created_at` datetime DEFAULT NULL,
  PRIMARY KEY (`id`),
  KEY `users_id` (`users_id`),
  CONSTRAINT `orders_ibfk_1` FOREIGN KEY (`users_id`) REFERENCES `users` (`id`)
) ENGINE=InnoDB DEFAULT CHARSET=utf8mb4 COLLATE=utf8mb4_0900_ai_ci;
/*!40101 SET character_set_client = @saved_cs_client */;

--
-- Dumping data for table `orders`
--

LOCK TABLES `orders` WRITE;
/*!40000 ALTER TABLE `orders` DISABLE KEYS */;
/*!40000 ALTER TABLE `orders` ENABLE KEYS */;
UNLOCK TABLES;

--
-- Table structure for table `product_image`
--

DROP TABLE IF EXISTS `product_image`;
/*!40101 SET @saved_cs_client     = @@character_set_client */;
/*!50503 SET character_set_client = utf8mb4 */;
CREATE TABLE `product_image` (
  `id` int NOT NULL AUTO_INCREMENT,
  `product_id` int DEFAULT NULL,
  `img_url` text,
  PRIMARY KEY (`id`),
  KEY `fk_product` (`product_id`),
  CONSTRAINT `fk_product` FOREIGN KEY (`product_id`) REFERENCES `products` (`id`) ON DELETE CASCADE,
  CONSTRAINT `product_image_ibfk_1` FOREIGN KEY (`product_id`) REFERENCES `products` (`id`)
) ENGINE=InnoDB AUTO_INCREMENT=52 DEFAULT CHARSET=utf8mb4 COLLATE=utf8mb4_0900_ai_ci;
/*!40101 SET character_set_client = @saved_cs_client */;

--
-- Dumping data for table `product_image`
--

LOCK TABLES `product_image` WRITE;
/*!40000 ALTER TABLE `product_image` DISABLE KEYS */;
INSERT INTO `product_image` VALUES (30,50,'z3593564914943_96af196adbdb30ee7d317390fcf2ef8f9.jpg'),(31,50,'z3608886361133_cb53229348a60ac5a6acf352590cbaa1.jpg'),(32,50,'z3744492665189_0f1b9d967f67f5005a386d6de6718bab.jpg'),(44,51,'iphone-15-pro-max-trang-1.webp'),(45,51,'iphone-15-pro-max-titan-1-tiny1.png'),(46,51,'iphone-15-pro-max-den-1-large1.png'),(47,51,'iphone-15-pro-max-xanh-1-large.png'),(48,52,'s22-large.png'),(49,52,'avt-samsung-s22-ultra-xanh-large.webp'),(50,52,'avt-samsung-s22-ultra-den-large.webp'),(51,52,'avt-samsung-s22-ultra-trang-large.webp');
/*!40000 ALTER TABLE `product_image` ENABLE KEYS */;
UNLOCK TABLES;

--
-- Table structure for table `productcategory`
--

DROP TABLE IF EXISTS `productcategory`;
/*!40101 SET @saved_cs_client     = @@character_set_client */;
/*!50503 SET character_set_client = utf8mb4 */;
CREATE TABLE `productcategory` (
  `id` int NOT NULL AUTO_INCREMENT,
  `name` varchar(255) DEFAULT NULL,
  `created_at` datetime DEFAULT NULL,
  PRIMARY KEY (`id`)
) ENGINE=InnoDB AUTO_INCREMENT=9 DEFAULT CHARSET=utf8mb4 COLLATE=utf8mb4_0900_ai_ci;
/*!40101 SET character_set_client = @saved_cs_client */;

--
-- Dumping data for table `productcategory`
--

LOCK TABLES `productcategory` WRITE;
/*!40000 ALTER TABLE `productcategory` DISABLE KEYS */;
INSERT INTO `productcategory` VALUES (2,'LapTop','2024-06-05 22:41:52'),(4,'Điện Thoại','2024-06-06 01:05:25'),(7,'Đồng Hồ','2024-06-07 12:22:45');
/*!40000 ALTER TABLE `productcategory` ENABLE KEYS */;
UNLOCK TABLES;

--
-- Table structure for table `products`
--

DROP TABLE IF EXISTS `products`;
/*!40101 SET @saved_cs_client     = @@character_set_client */;
/*!50503 SET character_set_client = utf8mb4 */;
CREATE TABLE `products` (
  `id` int NOT NULL AUTO_INCREMENT,
  `product_name` text,
  `des_short` longtext,
  `des` longblob,
  `price` float DEFAULT NULL,
  `price_sale` float DEFAULT NULL,
  `stock_quantity` int DEFAULT NULL,
  `img_url` varchar(255) DEFAULT NULL,
  `created_at` datetime DEFAULT NULL,
  `productcategory_id` int DEFAULT NULL,
  `brands_id` int DEFAULT NULL,
  `statusproduct` int DEFAULT NULL,
  PRIMARY KEY (`id`),
  KEY `productcategory_id` (`productcategory_id`),
  KEY `brands_id` (`brands_id`),
  CONSTRAINT `products_ibfk_1` FOREIGN KEY (`productcategory_id`) REFERENCES `productcategory` (`id`),
  CONSTRAINT `products_ibfk_2` FOREIGN KEY (`brands_id`) REFERENCES `brands` (`id`)
) ENGINE=InnoDB AUTO_INCREMENT=53 DEFAULT CHARSET=utf8mb4 COLLATE=utf8mb4_0900_ai_ci;
/*!40101 SET character_set_client = @saved_cs_client */;

--
-- Dumping data for table `products`
--

LOCK TABLES `products` WRITE;
/*!40000 ALTER TABLE `products` DISABLE KEYS */;
INSERT INTO `products` VALUES (50,'san pham 1','mo tả ngắn',_binary '<h1>sản phẩm 1</h1><p>mô tả dài</p><figure class=\"image\"><img style=\"aspect-ratio:551/348;\" src=\"data:image/png;base64,iVBORw0KGgoAAAANSUhEUgAAAicAAAFcCAYAAAATXR5CAAAAAXNSR0IArs4c6QAAAARnQU1BAACxjwv8YQUAAAAJcEhZcwAADsMAAA7DAcdvqGQAAD9VSURBVHhe7d0PnFR1vf/xDwEFpiX5bzEt16SEtAtkxW56yyX1sqTpcjXd1bqyZPfGmhrofShoJfDzcRXMFPJmQKXtYhhrYqxXuyyVuUtprDcNKoklpVgVhPwTGwjzO++z5wtnh5nZmd2Z3e/C6/l4HJg9c2bmnDnnfM/7fL/fc2ZAImAHOX0FGnbv3m3t7e122GGHRc/kz549e+zNN9+0v//97/bGG29Y20tb7cNjPhQ92z16v1/84hf27ne/2z7wgQ9EYzts27bN/ud//sc+8YlP2LHHHrvf313J9N44uN1zzz3hkMoRRxxhn//85+2Tn/ykbd26NdyXfv7zn9v3vvc9e+2116KpOrviiivCoT9au3atffWrX7XjjjvOvvjFL9oPf/hD+93vfmfXXnutfeQjH4mm6t927dpl119/vf3617+2L3zhC2FZ9sADD1hJSYlVV1dbUVGRbdiwwZ599ll7/fXXo1d1eOc73xlO9653vSsa4zdto1qPmzdvtttuu81WrFhhDz/8cJfbqF73s5/9zL7+9a+H011yySUFOY4U2ve//32rq6uzsrJDgv34BDv66LdFz+i5jXb//c/bBRd8zi666KKCr9O3RP+jH1KAePXVV6O/Ohs2bFi4gyiI/PWvfw0LE+1AP/nJT8JC5g9/+IP9+Mc/DsOYo/drbGwMn09Hz7mD05IlS8LQE6fPcs9r0PvpfXFwOOGEE8Iw+8c//jHcPvT/KaecYu9///ujKQ4c2ndaW1ttx44d9s///M/2vve9LwxlGv/UU09FU/V/L7zwgrW1tYUhRIGrrKzMjjnmGPvNb35jL774YhhWNm3aZA8++GB4cIsPd999t/3lL3+J3sl/WiZtsx/+8IfttNNOs4svvjgMGQoe6cK1JAeR/hhMli5dGgaxkSMH2qc/PTw40Xhr9IwFgftv9vjjLwcnq++30tLSMHQWGuGkHxsyZEgYPnRmmikEaJoLL7ww3GE+/elP20c/+tEgER8dFqqvvPJKNFVH+ldho7PAVBRMFD4+97nPhWcHqoVR6NE40f+aF32Wnp88eXI4fs2aNeH/OPApnBx66KHhOm9ubg4LetWmKLC89a37CrsDgQ66y5cvD2sXdSAbPHiwvfe977WTTjrJfv/734c1R/2dak20T7/88sthADvqqKPs+OOPD8Omlk+1RKoJ/qd/+iebNGmSVVZWdhpUs5JNTa0vFKhF5aRou1VQ0Xas4HKgUgBduXKlJRJbraLi2CBoH2oDBw6InjV77LEXbcOGN4J1fGG47gcOHBg9UziEk35OQWP06NG2fv16W7x48d4aCxcY0lFQ0dmPznicl156yYYOHZqyuk41JH/605/Cz1MoEhU6+mwVxApGCjd6vQYZNGhQeJal16BndOamAjIdV63c1XovpOHDh4e1JDpoPfPMM+E86X/N04gRI/J2kFLVuc7w0tHnaZpCHkx00NbnaFlVm6ADtujg/fGPfzysUVEzaj705fK6g5boZERBUxRUtD5/+tOfhtOoPDnnnHOsvLzczjrrrL3D6aefbu94xzvC12Srr5ZXtV16Ty2LAonjgoqCS6bak57oy3X8t7/9zRYuXGjr1q2zT37yCBs58h3BicS+aNDcvNWefPIVO+OMT4XlvSv/8yHTchNODgA6+KumQjUaqhERNd8kN9vEKTjojE8bvaZRuNCZoAqcVBtfuuCiWhY1Len1rjbm3nvvDd8X+aM2cIWPVIWTCyYKL5qur5x66qnhsHHjxnAQ/f/cc8+FNSr5atrRd6BCTSE8mSvEVeAVoiB3FErUJ0u1JepT4ah2SPuEDnCqPVIfs57qy+VV7ZeW9V/+5V/CZh1Hy/zBD34wPGFR7Yn2ey1rQ0NDeKD7zne+Ew733XdfWHbkoq+W9/777w//V9Oc1p+joKJtV5+n5vBC6Mt17Jr6zzjjHUHALLLDDx8cPaPgsis4jvwl+H+wnX32OXuPL/mSabkJJwcQhYrzzz8/DCpK+yoU/vznP0fP7k9V0KKmHR3gMjXpiN5PwUMbkhu0YTvq53LBBReEG7DG6/lU/VKQO521qsDUzhwvoFwwUShRzUX8jK836YxatSb/+Mc/wo6R7gxT/6v2ZOfOnWEVebzQ7y51QFWIdtug4wpxfT/6HrQfFII6zivI63O0z6nPhZZRg2oR1cyhEK997+mnn45e1X19tbyqHWppaQmXZ8yYMcFB6/DomQ4KJ6oVUYBRnxStW52o6Dtw38eTTz4Znpnnoi+WV9up3lfLoH4mcRqnwCJq4iqEvlrHWneq4du9+7UwmLz3vYd0as5ZsWJzsB7/ZmedNcFOPvnkMIznU6blHvi1QPT3QU9X7KgG4G1v29dDOV/03irEtMNreP2NHXbs8GOiZ/NPtRza4fS5qiFR7YiafnQG6w4Qqj1RYaJBBe727dvDM1+N17yqcFXhc+SRR4ZnTzo7Urvyxz72sXBHcYM2Wr3Gvaf+1ngVXnoPDfpcNw1yp3WmAKAQ4molNC4eTM4999xwfKGpoNQQp4PXhAkTwgORwolqEDS/OqBpPhVMNI+a9+TaHbcdZUuFmc5kVTOh5Re9d7wQ//a3vx2OLwTtJ2rO+NWvfhX2r/nlL3/ZadBZqMKLApn2ddVs9qRQ76vlVXnhTj5cbYLKADe85S1vCcOHrtRRs52atnTCozJEZYRqV84++2wrLi7Oafn7Ynl1kNayqrOn9iOtu/ig7VnPqxzU86mOEaq5VHjJdXuWvlhmNceplksh8h//2GXHHPO2YD0eZocc0tGfZNOmv9t99/05ODa8yy699LJwPWqd51Om5SacxPS3cKJ0qR1GtR2un4fjwoXawBUuUoUTGTBgQHimox1QBxNXm5IcTvS8e338s1TN+dvf/jYsmJI3XIUR9WvRASnVPCI3yQFF60eFpXbm3gomosJSg6OCWwcvDVrHKnDUNu0KaR2stF1pvOZXhbi2JycfhbkOCnrfQhTiydRPS5cMa1nVz0JX6cQHzZfCmPYHNXvowK0ThJ7o7eVVGaVaT63nQw45JFxf+jxXI6Lh+eefDy+l1jpVOaOTEc2nllXlgQbVonYnmPXm8uok7vbbbw/3K+1f2rfcNu4G7WvuUmltzyoHk2n+uhtOpLfXsZr9dSGFlmnPnkQQVv4erM9X7ZVXdgbzMtQefbTNnnhiSxAwz7UzzjjD3v72t0evzK90y004ielv4USFoyvsk2smVM2qMxpdRaDx6cKJCg6NV4rWtO655HDizpq0g7rPUnPN448/Hr5Ol5YpqOjMMT4vKsRUSGvjy3fqPhjFA4oK1d4OJuIKbEcHZNWaaL9RM4aaBzVvblBNg7ZHba+af22X8X4I+SjMFdQLVYjHad/VNq2+FfredUWagljy8KEPfSgszLV/6P983POkN5dX+35tbW24j+vKDH2eglbyoJMblW2qeVXtmbZNjcuH3lpe1Zrosmdtm2qWVDhJNeh5LZv2PQXx5ONET8OJ9NYyq7zX+tVyaf3Jjh27g/203Z577rUgeP7dmpoUOk+yiy++xN7znvcUtPxOtdzchC2gr8DtYDqIayPMNx3sFXzyeRM2R6FAO0WcCsjkq2RU3ayDhy51VG97FyDcJcLq9OY6w2peU92Ezb2Ho74t2rCc5HnRmVP8fZEfWl8649EO3duS24fV1Kd76mi9L1u2LAwkyVS7ounUd0YdD+M99NWO3pO2dAUlfR+9EdL0OVp2beczZ84MawvSUQi74447woO7qqlzvWolnd5YXh2sdTMuLZ+aaDKdNaucUBNXTU1NeLVOvs+wC72806dPD8/YtQ0q7GeimmrNz9y5c/f2Q3G0TWs993R7lkIvs04W/vM//zPszJzK0KEDbefOPXbVVdeE81CIY2Iq8eUmnAT6ezjpCRdC1HbOJb/IRjyc6ExZd9RU04WuzmhqagrHp6L2fN09Vgd2HfxU6yf5KMx7g2pNVq9ebbNnzw7v63HrrbdGz6SmGiOFtYceeii8s2ohw0Q+ab3ogK3m3ltuuSW8NDpT04zKD4Uwnch8+ctfDmvS+kstqYL0eeedFz7WPWu6KvsV2NQEpHWpzpyO3kcBx4UT3+8Qq2156tSpYU1FOuoz1Jfrk3r2g5x2KnVi1MEFyJVq1bTt6HJhhY5MVIWssyJV2ardvr9Rs6ZuRqZgMn78+GhseqpBUPOOqsTV1NVf6OoNnVmfeOKJYa1oV31G9H2oT5HuE6IzcZ3g9RcKFCoDtU1mEyZcx2Ata7yGUP1z3IFezTvxmkUfaf1mWk9qpteVl1qvfRU0CScHKW2Y6hClO7yq2laXAQO5UnON2uBVWLuakHS2bNkSFuCaXgW8XtufqHZx4sSJNmvWrPAgpf4JmQbVliqczJs3L6wx6g90Ru0uH06+t0k6OpCpVkxliMJJup/U8I3ChUKFtsXky4fTUVhTkNE2rGDjKJCoSUL0f/JvDPlGQVu15uloO9cJRF/uo3SIjVHTjlZYf+kQ2xPqb+Iu+fW5+hH+UUGsjtG6gkMHYfWt0DgVeJmo2VQBRtOrQ54ODrrUWP2fRo4cGU3lJzXH6g6aWu54J8lsB9UYab9Xp+DuXL3SW1QzpE7t6h/z2c9+tlN/sq6og6yCiTrI94cf+lPH5sceeywMVrrVfra0bC6A6FJpN06BRdu3gqua8XwuV7Ud6jJwbZc6LolCpu7qO2XKFPvUpz4VNtn2ZfMcfU4C+go0HIx9ToBcqVDXGaeucohXbefKXYKsWoV4p2sfqclK/QkUwrpDgUS1KGrDz9SJtq8pNGoZdWBSZ2tdRpwtbQ86OKuvgl7vO61TLauWM9ftz3XojvcjUu2hagaTLxLw0aOPPho25z/xxBPhSYbWl35qRCesuixc2+vSpUvDdapjVjYU8rTs+Vr3hJMA4QTIngKJagNUi9CTcKIaSveLxb7X3unSWl3S2d1wojNQXWKvIOZzOEHPaH/wfVtWAP2v//qv8Fin/kK6h4kCiQbXjKPwUl9fH97TJ1PzT5xqQC+//PK8BTPCSYBwAiATNV/p3iwq2LtDZ6Lqv+F+IBDoKwrYunmemhnHjh0bdthObmpUh1n9rImOidlSU6Auxc5XPxXCSYBwAgA4GMRrO9Vsp/vw+IirdQAAOEjo5NsNvgYTIZwAAACvEE4AAIBXCCcAAMArhBMAAOAVwgkAAPAK4QQAAHiFcAIAALxCOAEAAF4hnAAAAK8QTgAAgFcIJwAAwCuEEwAA4BXCCQAA8ArhBAAAeIVwAgAAvEI4AQAAXiGcAAAArxBOAACAVwgnAADAK4QTAADgFcIJAADwyoBEIHp80NJXoGH37t3W3t5uhx12WPRM/uzZs8fefPNN+/vf/25vvPGGtb201T485kPRsz33m9/8ptMgxx57bPj/hz/8Yfv0pz8d/t+bNB9f/OIXo7+yp/n+7//+773zX0hbt261H/3oR1ZfXx8+7iltO2effbZ94QtfsCOPPDIa2zNf//rX7eGHH47+yr8rrrgiHNA9f/3rX+28886L/sqetu+vfvWrvb5fAv0B4STQn8PJPffcEw7JVPCp0IzTOIWU3joQxcNJtkEjPs/Lly8vaED5xz/+YT/72c9sxowZ9ta3vjUvYULvuXPnzvB7njZtWjS2Z0477bTw/0J9F/rOn3rqqegv5CoeTnJZR3pdb++TQH9BOAn0x3Cigk1n1K6WRGdfGpILOU2nadasWbP37FsFYm/UTLhwcu6554ZniF3R/GmZNF+ab9Hr9PpC0Gd85zvfCQ/Mmk8dJHrqmWeesenTp9sJJ5xg3/72t6OxPaNwou9EYS3fdFDV99Db4eSFF14I/9e+NnDgQDvkkEPC//sjfX/6HrX/ZbvO9Zqf/OQn4YkFAQXYH31O+iEd9FUY6n8ViDpoqVBMVbip4HPhQNNpehWM//7v/7432PjGFdSa90I3acjb3vY2e9e73hXWemzcuDH8XlINf/zjH6NXoDv+8Ic/2EMPPWSLFy8OQ6EGV/O3bNmy8PtVrdPBQNu2tnEN2h/T1YAif1577bW8NN2idxBO+hkVZK6pRKFDoUQFXdzjjz9u3//+98P/4zSdQoorEHXg1/8+0jwqpLiA0hsFt4LJDTfcEH6/yYNqQwodkg5UOiAofCiMaHvV0NDQYL/61a/sscces6VLl9qiRYvCdaz+P6pVUS3mwUDbuatVJKAUjoKJ9t+6urpoDHxHOOlndKCWeKEWp+aba665xu66667wf/0dl3zGphqUQhk+fHgYoMaOHRuNyY1bRs1zbxTcH/jAB8LCS00cycOqVavy1ofEJ1pHqk0rFBdMtO5+/etf2/HHH2/nn3++VVdX7w1+//qv/xqO1/MK1eqcfDAFFO0jrn+Vvie3j6P7XC2o/nfB5Pbbb7fm5uZoio5pVAbmMlDz0nvocxLoL31OtIOp4MrUtu2mcXRwT9VnQzuaplNzRbppepubdxXSOmg6mkfJpU0/G/oOdDavfiJf+cpXwn4iS5Ysyar55ogjjghrdkpLS6MxHfpbn5NC0rau71M1I+pTMn78eCspKQm/m8MPP3xvHxMV+H/605/CA4c6KOugcc4559jFF19sxxxzTDiNz7QdKeT3tB+X3kfNtVmv65cesqvKZ9kT0Z+h0hvt0Ts/Y0dEfx6sFEzmz58f7qP6XhVM3v/+99vXvva18H/RvqognAs1/1555ZXRX4WnfUi0/8SlG38gIZwE+ks4cZ0XddBLd7arA2tlZWX0l4U1AW5nTJZzYZglhYzNmzdHf6Xnmm2c5GCVrNDhRDUnqiF55ZVXoinS0zai+Un+bnsznCi0aRniwTLVOH2vqkFTDVZyCP3lL38Z/n/66aeH/+eTPlffr8LGZZddFq5vhZJ0XC3LI488Er6mpqbGPvnJT3pfAOv77kkoics6iD59h5025Qd26cKn7OrR0bjAb+88zSbfe6ktfupqy9+NCvoflYO33HJLuE1p/SQHE1GH5O9973vRX9nRVX291TSkef/xj39s//d//2ef+cxnwnCfPP6ss84Kx/fmPqLP3759e3gC2dXnqgZUxzzVjOY6j4STQH8IJ+7ArYNLvDlH41WYaUNxBeSmTZvsz3/+s733ve+14447Lhwnbtp4sFG1ug5omQJPLnJtflEhHC/YVZAkU9DRfBY6nOj99Vna+VLRdpEu6Dm9GU5cWFWzk5M8zv0t2b5HPqjz62233RZ+Hwoml1xySVjb1BUVZg888EDYJ2XUqFF7a7T6C+1L2k+1j2p70nerv/U4OYynkm04CUOILbanvpxchvzW7jhtsrXe9Kh987yDu/5E4UN9mrZs2bJfMHGampqiR9nR7Qa6KgPyQfuPanVUk6gaRpV/CiiiYPCDH/wgDPJHH320nXHGGWFI0clVb1i6dKk9/fTT4efqpCbd8VLT6ERjx44dNnny5Jz3Y/qc9BOu70i8/4YrCLXh6iCjgk2PVbD/7ne/CzsZxp9z0+p1jvp1iHbkfMi1X0h8XkQFc/IQb+IppAOxQ6xuBhcPs8lUuFx00UXRX/nz3HPP2Ysvvmjve9/7woIzm2AiOsMaN25cWMOiwk0H9/7S98TtX5rneCBU4HV9Sdz4ntlqreujh/v5kF0dBM3kYKIwozLADXc8HT0RUqBJHrfVHvpyMO2dv43+1jRX2UPL74jeI3j8UvSUmpdi733alx8KXh2T/Pze9ywshUHVvqULJqJm2VyGQgcTnbz+7//+b9gkpQsaRo8ebdddd12nmk2FgQkTJti//du/hTU5qkW5//77w0DTW1QzpRqkn//852GfnmTadxWgXC1od24TQDjpJ9xBPF67occ68Chg6LEKQk3nai90MNXfKhBV4+JqXeLv4Q78+Sk093Hz4yQ/dn9n0/zTWw7EDrFuvaejgk9Dvqn2SZcFq3DN1JSTitaD+pqoUFNgdO3r2VIIyBQkta1rmuRg3F16H4US95mqMYt/5+qLov1B0+lEoauQmylMdjjCTv/Ux83unRwc7O8IYkMmHSGjo6kn2p4XXmo/mJIcRrLxhM262aL3+aZ95uhglJqXymdZ8cJ9+8rik2bZOS6gRP1i7KZHo+cftRvXB/OdHGAKRGGiN2o68kH7jPpoLViwINzutQ0pXCkUxcO9DvSqhVBNymc/+9mw9kQ1LKqp1LaV6/6SKzUj6bNVI/LDH/5wv4Digok6uGv/18lPd/qO0awT6A/NOtlWv7tg4rgrczLR2YzCQpft3FmIv5c7SLh5cMug51xTTTbzp9fotSrg89mso3lTYaB5yVcBpp1UZxUqPNQkoYKlp9KtH/d9xr8/t+6Tt5N07+Haz+P9lPJh9uzZYZX65z//eZs0aVLOAcW9/sILLwznLduaF4l/L8nblsa7YJLNttcVt21KV9un1o1qKNPNm2i+4icPmWxdfpWdc3On7rD28eTmnLBvSqvd2BCFiUjYLLTedZ7taAqyTv1XFGrOsVknuaaj1M1F6ZuXOnT+nEgUWBRo4v1lDmY6oKsZR5fXa1vXPqP+Vl1t9ypv1Jlc+4oCio5d+vkMDaqFLBQFKdXQ675FQ4cODUPSJz7xiXBe4sFE+/+pp54a1vDkipqTfkIFmqttyCS5CSSbJhG9r94/X/ReGlwbuyuEXW2KhnydtfaEDhTa+bXzaH50tqK/dcavQfOrQcHFjVPo0HSaXiFEhYGWx73W0d/qz9IbXCCNh9JsqTpYVzLkm86qFMZVcHWnSre7rxPVPGidJH8n2iZdMNF67WkwkXjNn7b3TOLPp6sxdMFEwbmrffKI8765rzYiysBP3HxOEET3Nblsfb41+LfYimPBRD70z5eaNTXaL13TTJaK3xM/WP7WGu8NAtEJ747+ThY9/6nTO189dPTpVhbMb+vzXJbrPPvss2G4UK2haksULroKJqLyR+WXaifUB+Sll14Kr3pzd2AuFM1beXl5pxoUhRLdYDEfwUQIJ/2ECttsJBd66QrBuHwGE0cHfhW06vMgLqxo0OPuHEjzTTu2ajbUx0G0w6lQOOWUU8IQojMX7WA6I1DI03jVhlx//fXh81qWuXPnhv+718Y7palZojfoYOyGbLcTR5frapnyTeFi0KBB4ZVPCnW5UO2iCll9f+rhn2tI0XaXHFCSg0m+auBcyNFn6f01pNqf9LmuRie+X6Ti3ifde+3vCPvMnVGzSsON9nE1v9wfa+wpLbZ08SEfOgeW/XUEplifk9POsVm59UM94Kn80KBQ8eSTT2a53jtoP1F/E50sad/RPlOI2v9k8YDimqRU85OPYCKEk35CB8dsNlh30FcBKCoUs+GmzxfXwVbtpppvF1ZUkLvnsqWCP9eDbk+8/vrr4ZnrvHnzwhqQ5Js3qSZF/Qi0LCoQ+prrVxLv55AtNZnku0lHVKWsgKJCM1WHuUz0nep7V7hRCOzOZZLa1uIBxf1cg8bns2lQtB24z9J2o8+K76uuU7VoWn1+Ntuz5jfn2rejP2PVnwv+X9+6r09HU6v9JXrY2f41Kt3RVQ2Impo6ang6D31xNVGu22Jv0f1/1MH10EMPDbch1UCoqacrLhSoPFKw0QnVpZdeGnZE7w0KKNqW9RMgCkbqGqHyUfttV8HETZ8O4aSfcIVZprDhCkRN6wpATZ8p1GhHkGwKy1zoM928KoxocPPRVTjR65LPGlU7ke95FJ1h6OCswjLTPWEcVb/qV4xVKOhSPvf99Ve33nprOOSbaqMUUNQGrfWZ7UFBBZbuvaLvN9tCLp14QNG2VIhg4ui91Z8nHsYd1V66fVLhJB1t89qeNM8uaMb3gb2iq18ydmg9qThsSjniPcXBv63WmtR889tf/GC/GpXOIeMv1tpl7ca7rbjU7ImNqaNP+udTXR1UWK52wdf9VX2yysrKwk73ap5RMPnmN78Z3oclXRONlkfBe+nSpeHfumRfTUKquehOoO8OzaeuyNH+qs/Vdq7aE53MpdrnNZ36qrjf11JTVrqygXDST+jgLK5mJBVXILpp3f+ZwoB7rru3mM9E7+0Kav3vglLKAjei59yVD/EzUBXqbnnySYWW7nWgz9TBIZuaEN27o6qqKrzVen+RLtgpCLjCLZ/UvKUDtpp0FOIUUrK5JFjrQoOmVTOZrkToCRdQNBQqmMS5z4mHEI1TcNG8pOOCSTyguFqW/US1Iz+YEruc1wmCy6J7P243Xhx1UB19md1Y+oTNKo9d1fP0HTb5XrNLJ7tOqlGI+N8gFIZ/qyPrZAviSxeOsM9MvjS8aigeNNRRt+MqouD5mTfax4Pnr1q+L/iE7116o11W4M6wOhBq/9bgTniS7wirA2Mug96rUFz/EdV86IRJfbZUK6JyJn6ZsAJ88uXGappV84pOCHrSlJKL5Kty1JRTUVGR9ioezbcue9Y60PKsX78+LHvSXY7M1TqB/nC1jg7S7mCtAitVQaf2XFEtgOPauVU4Jh+gtMO66ub4a3rCzYPjzlrTUQHsCvL4Mjp6fU9vC56O7l2i71Hr3t3eWvOinUUHCD2nnV6Fms5+FY5Ubeq+M20nbpyagHTWo51MAUfTawfMx90ktZ4keZ2nGu8CYHITj5ZH32HyexTiDrHuoKD/3Y2kPvrRj+7tz6MbWSX3I9G0Cn0qjBVk1JatQlrTadB33d0Osr1BJw3xQJILF0ji0u3jnUR3ie0kze3rw6tmgkDSIQgvSVfvdNRm7Askaoqp3nhO7EqcVFf0RKKrb/ZdN5R0h9rk53vhFvvanrTvue9QB3IF5fgVdNpPtG3mQs0Y+mmFQtJxSOXI2rVrw6thtF9of3A3MtQ+rsDS2toajlcZpEt1eyuUSKpgomCl+U51FY/2X5WH2tb1/assUBmhu/hqmVR2qpY0jnAS6A/hRNyZlXa45DMqFY6ugIwXkq7g05lY8gFLB1lt6Kme6y4XhrIVn183P8mSlylf9BsZOmCr0NJ3pJ1DyX/16tXh2bvCii7p0/eqaRRCRowYsffqFm0nbpwOwurkqAOvaEdUjVE+wkl/ou1bAUN3KVY1te5mqYJKBa2+XxWw+s6S9zFVX+tySPU1UcDVJcQKI+ocePLJJ4cFWiH2y3zQ9q7tXvuQ9qVcpAomqfZv5Eb7rw58bptJDibifpAyFwoAyeurUDTPCiAKAiqnPvaxj4Wfr+1NJ1B6rH1JB/fepLJNzTJquokHExeOFAxTBRSVBVovarbS8qi5Sk3k73znO1OGk4Ff0+3zEFJAUYBQ555803sroOzatSscXn9jhx07PLcb02hH01l5qjNmbbC6K6cK/3gtg5KsxuvgHi/cVSjqrEHvkc+bi6lDlz4vVTVdMhXm7rNVSOhgrnnXMmgZNc+qgdB8qkNw/EqYfNBvU+i9tfOLdp74ZXjayVSzoGpKFRT67uMdY+Pj9NrGxsZwGTSob4oKjnhh2F1Tp04Nd/aJEydGY/In3++tbVttyb/4xS/CO8RqePnll+3VV18Nr8DRGd4HP/jBcDuJu/vuu8PvTCcIKmz18wv67p944omw8Er1Gl9oW1cg0/6VS8gnmBSOmjfe8Y53hOWIQu5VV121376oJsMhQ4aEB9ZsBx1Yu+qXli+a72HDhoUH7Xe/+93hvIr6k7znPe8JT4pyvX9QPujnJVauXBl+H6muytH86WdTNP/ap1WeKsRoOVRzqv1EAedHP/pR+JzKHr1H8nGXmpOAvgINvteciEKIa/robo2Cq2VREChUk0muVEjrFv0683Tzp8cqrHWwU9VlPIzlg75DvbeqTZPPqrpL79WffpXY1XTlq1lP1MSlwJaqfV4Hb9VGJZ/t6WcD9N0lU0F3/vnnh7fr7ouCOBv6/vQ95hIsCCa9Q2fqvfV7OAeLpUuX7q0Z1e9fxYNJnKtB0dWP6g/jjjNaJzqB0/Mqc1W2p6r9IZwE+lM4kXhA0Qp3B/GuaHoVijqbyOV1PaHP7EpyOIqHk3w1N6Xi2qXVnKDL+HQ5X0/pAKvv+Mwzz7Q5c+ZEY3vm+eefD//X2VK+FeK9dVakmo9U4US1XwpuyQWaCiytj2Rvf/vbw2Yd1bj42uck13BCMEF/pv1U+6KOk13tk8nTaj9Xfxk9Vtme6YcDCSeB/hZOJB5QRCs61U/i63mlVDWPuAKxUGfhyRSCXOfRTJJrgHornOjgqTN899Pq+aKzAPW2V5UnDnwunGi/0llgMgUPdxKgfVDhJI5ggoOBjn3u5Fgd5NXUoz4pqtlyzT1xhJNAfwwn4oKHBhdSxNVExMeJKzy70xTUHdoIFTKyoXlTh1L931vhRNRfQP1O9B32lGoDNP9qP011kOqueLOOajp0LwO1qesHwtQvQ/cp0RmIfsBPNUG6Jb3u/KqApOc0jftlU/UxUTuvrl5QbUkhmnUONi6cpKNtWNuyJIcTggkOFlu2bAmb0dXpXc21rtZFIUXNtslNO4STQH8NJ44KR9WMuJCix/pfBzRx/TXc2ZvvejOc9AdTpkwJO+0qQCic6Ioi9dx34eTqq68Of1vDhRNdTaQ+NC6cLF261O6444694UQ3SdLVRQonCj4qHBYuXBh9GnKlfU1BPB3th6lqTggmOJjo2Kdgop+00LHQ0YlWqvuzEE4C/T2cAABwIOEOsQAAwCuEEwAA4BXCCQAA8ArhBAAAeIVwAgAAvEI4AQAAXiGcAAAArxBOAACAVwgnAADAK4STPrRr167oEQAAcAgnfUg/Ohf/jQEAAMBv64T64rd1Hv/dazbiqJ3RswAAwCGcBHojnOj91YyzY8eOMJxMnPOiffvzu8KfjR40aNDe4S1veYsNGDAgehUAAAcfwkmgt8KJak70/hrOubnNFlfv3htOBg8eHD7WQDgBABzMCCeB3gonen8FlJ07d1rZ116y2i92hBMFE8IJAAAdCCeB3ggnon4nbjh95su27Mo9e5tzFE70P+EEAHCwI5wEeiuciPus0hlb7MdXdYQTV3NCOAEAgHAScoGhN8KJM+6GLbb8asIJAADJuM8JAADwCuEEAAB4hXACAAC8QjgBAABeIZwAAACvEE4AAIBXCCcAAMArhBMAAOAVwgkAAPAK4QQAAHiFcAIAALxCOAEAAF4hnAAAAK8QTgD0WMstw8Nf0+4YTrTSi2pswS+3R88CQG4IJwB6rP3NtuiRtFrzAwus5oxym/NUezQOALJHOAHQYyXX7rBEImGJXZtt2X8URWObbeYjLdFjAMge4QR9rMXmDHfNAcEwotQmfWmBNcZPxOG/IUM6/h9UZKVnlHY8BoBuIpygj7WbxYPI+marv7vGxo+psvpN0TjENNucvX074sMkq/Pg+2rf2GDz76yP/iqyGaePiR4DQPYIJ+hjJTZtR6KjSeDllTZjdDS6rc5qH6f6xBsb66wqXsMVDqU2Z7XrU9JmdRcNsKHFE4NxQSw5pdJmNzTZ7DOjGhUAyAHhBH3OtQjYkaNs1IjoMfyhYFJSZXX7ZcVmm1lSFgsozmyrf6bWZkwojv4+CLzZZo23TLTh8fB2UV2nSkEA2SOcwA9vtlvrI/Nt/gPR31Zu5R9xHSvRZ15vtjmXxIJJUaXNr59vlXtXTRBQLqi2uo1FVrk0qgFLzLCS6NkD33Zb9+AcmzRyuI2/oYEwAuQJ4QR9b1OdTRo81E4snxMc6ops5LnTrDY4864+KXoefaTV6r5UYTNXR38GwWThqkU29YKpVtscWz9tdVZ1SbDuXo/+Phi0t1nzkiCUjBhmoypmWv36aDyAvCCcwC8319va5XOt8pTDoxHoG0Ew+VypVd0X1QUEwSQMJCdHbXAnBEHlpyts6riOP231TCs96wAPKG+2WcuDi2z65FI7cehwK60klACFMiChetiDXEdVdMJ2795t7e3tdthhh0XPFM64G7bY8qv32KBBg2zw4MHhoMcDBw4M26uB1HS1TqnNjP7ap8JqX1hmlcdFfyL/Vs+xASX7f/NpXVhrm5dWGo2TQO6oOQEAAF4hnABAD5SMO3i6/wK9hXACAN2ge7nMbdxsTd+YGI0BkC+EE+Rk++8bre6u6Tbl7PFWOiJ2T4fho2z82ZOs5qYFVrdqnW3P9Htv7dtt3eqG4H1mWs1F4238qUm/aKv3ua3OGn+fxa/aqh/A3tfGhvg9Jt7suLJiytmldqJ7fkSpjZ88x+pW5/Piz2zu3tpubavrbM7k+Pc33EaVTbHp322wdVuiyXpku7U+siD8bke5G6dp/UyeboseaQ2ezdLrrdayqt4W3ZZufWue661lU9c/7te2ZNK+18aHWc3RFAG3nspG7b1fyPBTx9uUWXXWnHI1aTnVQTU+b9p+pticJc3W9mY0WR4Vjyuz6msX2rKWzdb6TK1NO5MeJUBBqEPswW7Pnj2J3bt3J3bu3Jl49dVXo7GF9bHrX068+OKLia1bt4afuWPHjsSuXbvCefHRjnW1iWkTitV5Oquhom5z9MqYF1YmZl8yMhEU5ylfk2oovnB+Ys226PWpNM9O+Tq7sDahOdjRMj9RcVKK52NDyZUrEhs63q2HmhKzU7y/WUWi9oXg6W1rEnPPLUrxfHwoTlQvXpvY0fGGKXTxGS+vTMw4M/NnFJ07N7HmtY53S2VHy8LE1BzWtVlRouyaZYkNu6I3SGFzXUWK1wXDzU3h89sen50oL0rx/N6hJDF1eWwtta5IBMEgxXSxYdzUxIrWaPpC6mIbBJA7ak7QpfbVc6xsZJXNC866e2RTs81csi6nG1W1PlBjYyd07xLVbZrvMTVdXu7ZfNdEq7qlRb/yUzi6mdmEsTb94a6WvtUWTQ7Ozpd047vWZ5w73uasyvwZbQ9Pt/Iv1addD9vXNdiCnNZ1mzV+Y5KVTq4L5j53rQ9MsbFnzLSGjLPdbAvOC7bBp4OH4R1rJ9q8LpbTVi+wiV9a1K15AtC3CCfI7PVGm3nBzODQ0IdWz7SKmxtzCw/bl9nM/8h+vptvmF3AHxpstfmXx25m1qU2q6uMDsRZy+0z2u6bavNX5TeOtd1XZTXfyTEKPDPXpl+UbYBotun/r8Zq4nes7cojM4NQnXVDFgBPEE6QUdsji2xeqgNBUbnNqFtha1q32bZtwdC6xlbUzbWpWf2eiu4CO9XmBq9f2bzWNuv10Xssu7M65a3P226bZ7W53PDqp/VWHx3c1U+g7KxgGJdp3uptWcF+aLDFmvf2bSm2Es1Ll/MTHIjvrM++f0j8M04q6Xj/s0qCT0unzeY80tRF4Avm9fJptrB+pa1s2dCxjoJh87qVVnt9ecr7dzTctMgac8k8DwTrKXyw73spyXRn4AcW2AIXwLJczgUPN+XwPQLwQtS8c1Cjz0l6TTenaEsPhop70/fS2Nw4NzG7PkVr+5PzE9V3rkxsTt+hIrTjsWkp+6Wk7MeSrr1fQ1FlYuEznTusbG6YkQjCT+rpr12Zoa9HNtL1B+kYSq6sTaxN7j+zeUVixrjU0+/tR9JJps8oSlTeszbR6SNalyWmjk41bTCMnptYE00Wt7l+drD+1iS2ZehDIhvuKU/xvkWJ2c3RBDFp+5xoGDc70RSf6V0bErWXZe5PUnJlUh+XTN9j0eyUy5k39DkB8o5wEiCcpJcunNiFCzN2gOyRHSsT01J9ZtR5spO04aQoMXV5qp60OxIrr09z4OvxwSRDcJgQfF/RVPt5bmGiPNVrgmH/ZUj/GUVpwtW2+uqU05tNS6zsSRoL5rssxfumCpHpw0l5YuFz0URxLy9LVKecPhhGz0g0pejQm345pyZWpNoU8oVwAuQdzTrIqKgoOPyk8sAUO3HkJJuzpNHWbelm34U322172zprXtVo9d+dZ/OiS1bHf6TK5kWTdPJMa9pOnPspqrGqc1P9Ps8QKz2zKnqc5PFW2xw9zK8im3FtVfqmh5MmWtWF0eMkTeuz7cNRZDUVZcHS7e/wj5RZRfS4s+D7zObS5fbttn1jizWu0uXfwXq6qcYm6dLiCVOsMZokrj7reQ5cUGVlqZpxjhxjJWdFj5OM+dwkKzk0+iMm/XJutu0H048SAgcAwgkyKj6z0oKz+tTW19vMyvE26qihNvzUquzuLeHuZVFyog0YPNSGDR9lpWXjbdLk6Tb9unm26KeN1vhsHvp+nFGcNgwMOWxY9ChJ8LH57SLqlNnYkalig1NkxadGD5O0vJ7tHJVacbrf1Tmu2MZGD7O2vdUa7qqxiboHzdBhNqx4rI0vC0LUl4P1NGuB1QfrqTkfP3o3Jt16GmpD0/z2Y+lJadZsd5YTgJcIJ8jspGqbX9f1j5e1PVsXBJVSG378eJv+YOoz5+1PLbBJIzt+zXXR6hyv6ujXRtnwfnSvrtYHp9v4kSfaxC8vsIZ8BMU8G34Uv1gNHOgIJ+hS8SW1tu7xuVaR6SoKp63R5lWUWlXyfTqenmflH8l0z5EiG3mmrryotmm3Tk1fW4OC2v5wjZVWzLPGtJkkuqrmwqk24/pKGxONBYB8IpwgK4efPs2WPbfNNjQstGmXjOyiJkX36aixRXuDSKstumF6inuOlNjUxU224TV1zN5saxtX2srHFtrca6usNJriwLDNdmRsndlu29J0dhlzaKbmoDxrb7S5VyzYv19PUbnNblhr23ZoPW2wpseC9bR0vs3+0sQMl/ACQPcRTpCDw614QrXNrVtrm3dss7UN8zPc16TBGp6MDnObmq3hkY6HceX31Nr8y0usOLlz4/ZtBeqY2lcareX30cNU2tdY493R4yRp+1cUwtPNtmj/ZGLT7l1mMyaMtMOTc9KWzVnePA0AckM4QfcMOdxGTphq8xs22IbFqa+R2HvVxqbW6EZbnZWemvrA2/5koy2LHh8YWoJAl/4Ot633zUt9dZJVWOmY3utf0da6JsXVUKVpO/O2BuupJXoMAPlEOEFGLXdPt0Wr2zJexVI8YmT0qLOyosyNPyseT3Fo29hg02+al/0lw/1E221VNukbLUl3Kt1u65bUWNUVDdHfSS6vsvJ0V+D0miZrcjVgMe1Pz7Oam9LMNwD0EOEEGbVvmWdTSobb0BETrea2OmtY1WKt27fbdg2698WD82zS5XOiqeOKrOSk4R0PhwxJ2XGy+bpyG3/FAqtf1dhxD41ZVTaqZOK+25MfUNqs4Stjw0unx+teLrpPyIhhNqpyQZrf/xljs68ot968LmXIodH66qTNFlSU2qRZWvdaT/W24EsTbdSY6V38UB8AdB/hBNlZ32ALrquyiWVj7cRhw2yYBt37omJ66itwxk23SWdGzQGjy6xqdMfDztqs8Ts1NqksOFjrHho31dk6HfDGlaT8fZ0DQts6a9S9XLq4T8iYGxfYtHG92Bk2cHhJmVVHjztrtfqbtO61niZZzd0NYV+TomA9cbUOgEIgnCD/Tqq2ZUumxQ5cY6zqhq7vldKhxGbfNdsmRn8dGCpsxs3ZLn9w0L9sodVeV5Lybq8FdWS5Tf1/WcbCokpb8I0artYBUBCEE+RRkZVdU2trn1xoFSdEoyJFFy6yhttT/5LtXkXlNrel0WacNjQaceAYdXkWyx9+f8usaXG1jUxxe/bCG2Jjrq+1FVd2EVDGTbUVzbVW0ef9YQAcqAgnyKjk+h22oWWZLbx1mlWn+Dn74nFlVnb5NJtft9LWvrzZVt5eaSNTdpQIDnzXrLB1z62whddWW9kp7jCtm69V27TFK2zDuhU2bXSv1xf0kn3LP/8/KmLfo5a/wqbeWmtNL7QG31+FFQ+KnuoTxVZ+Z5NtDsLH3E7zWWwlF061uXXBc4/Pt/Kk8AkA+TRAv/4XPT5o6SvQsHv3bmtvb7fDDjsseqZwxt2wxZZfvccGDRpkgwcPDgc9HjhwoA0YMCCaCv1Ls80ZUGozo7/2qbDaF5ZZJTUNAJAVak4AAIBXCCcAAMArhBMAAOAVwgkAAPAK4QQAAHiFcAIAALxCOAEAAF4hnAAAAK8QToC8KbEZ0Q39Og/cgA0AckE4AQAAXiGcAAAArxBOAACAVwgnAADAK4QTAADgFcIJAADwCuEEAAB4hXACAAC8QjgBAABeIZwAAACvEE4AAIBXCCcAAMArhBMAAOAVwgkAAPAK4QQAAHiFcAIAALxCOAEAAF4hnAAAAK8QTgAAgFcIJwAAwCuEEwAA4BXCCQAA8ArhBAAAeIVwAgAAvEI4AQAAXiGcAAAArxBO0Ota75tkAwYMt6oH2qIxebR6TvjeoyoXWMvr0bgeaJ41IHi/OdYc/b1Pe/BcqQ0oX2St0ZhkLXeNt+Ejplj9pmgEACArhBP0rvWLrOZbY63pmXlmN0yzuo3R+HwZN8MSuxqs+oUaa3g2GlcQQ6zkxlqrPXKmVd3SEkSVZMGY/UcCALJAOEEvarF5VzRa1ZIZVnJKpS26b5Qtuqkubc3DftY32PTJNV3URDTbnMFjbe7g2VZ2SjSqYIqt8lv1NnH5VJu3OjmJDLEx1660zc8ttIrjolEAgKwMSASixwctfQUadu/ebe3t7XbYYYdFzxTOuBu22PKr99igQYNs8ODB4aDHAwcOtAEDBkRToRM12ZSssdoXllllLx3w1axTetNsa0oEgSoaBwAoLGpOAACAVwgnyCzsYDrJ6ja127ol023iqcP3dTjdrgni4wfYieXTre73qTtbbH+23uZMHm+jhquT6QAbfup4mzKr3tZ12XG12eYE0w8omRk8rreq4zteP+CiOtvbpXb7OqufNcXGR/MxYESpTbmt2cJZzEb0+tIRHe99YnmNLXoq/avbVi2wmotK7UR9lr6P8/Zf7rYl6vibqjMtACATwgmysva7NTb9yZE29c5aW7G4yoavqrGxV9RZ85Jqm7hkmFUH41c2LLTybfOs6szp1rAlemGk9YEpNvbUSbbo9TKbuXilrWxcaQuuKLbWb02yUWcFB/CMAWWkVQTTr/xWdfC4zGYs7Xj9yuvK7PDw+Taru2KUTV1lVnFzMB/Bc8smD7MV15VaecrOqkleD8LPhFE26d5tNvHmFeHr51823BouKbdpDdE0cUFgG142zzafWmPzNR8Ns63sZS13NVfmAEA+qM/JwW7Pnj2J3bt3J3bu3Jl49dVXo7GF9bHrX068+OKLia1bt4afuWPHjsSuXbvCefFK82z1SUoUXbsysSMaJZvrKsLxNm52oum1aKS0zE2MCcZPXb4tGhF4oTZREYwrubmp03uEWmsTlUWWGHPrmmhEBuG8VCRqX4j+3mtzYsXilYnYJwZ2JFZcGcyfzUg0RWNS25FounlMwooqE7Wt0Shn87LE1GDezIJljEaFnlyWWLguaUnWzU+UBctYce+GaIT7jpJeCwDoEjUnyEr1eWU2JHosRR8pt+BgbGWTK63k0I5xodGlVh7817R+3zU4rY8ssnqrtun/UdLpPUInVFrNl4qs5fYGa4lG5a7Iyi93tSjOEBtbEkQiW2etGWszWmzFTS025ivTrfKEaJRTVGFVX4gex51WYdUnJy3JyWPD76N+YwHu3QIABxnCCbJQYaOSD9xDhoZh4PBDh3b8HaMxLa/va0xpa2s0O6vExhwZjUhSfFJpMNFaa+3Jcf3N7bZuVZ0tuG2m1Vw03saXjbIxlfXRkxlsag3iSxCyRo/s+DvZ4Oj/JO2bWqz+u/Ns3nVTbPzZ4610RKmpRwwAoOcIJ+j/NtbblJHDbNQV863l5WFWPGGqzbhxvi26VTUn2RkydL86nTTarfmW8VZ8fLnNfLDVth01xqqvmWGz71toU6MpAAA9QzhBwRUVlZn9tNlakjrJOq3rm8xGj7XiomhEjprvm2qLDp1hTS1NtvDWaTbt8gorO7PMRmbzfocebsOD/5rXpboVXLvteC166Gyqt7k3NFrpvU22dvl8m33tVKucUGZl40YlNSsBALqLcIKCKz6z0sptkc29u3n/K2c21tn8b7VZyefKbEw0KrOmpOafNtv8XDCieJQVxfu+WKs1LsmiWefwsVZ6oVnjtxbtf8XQ7xfZvNuix05bazAHZiOLizv+jrT/dFmwhACAfCCcoPBOqrb5dZXWelOpjbpojtU90miNqxqt/q4pNr6kyhrPqrXaa7KIJscVW0UQRubfucAagtfXfbch+KvIxpxZbvbgNKu5oS4c3/jIIpteNsVaTsimWafIKq6bbSVPz7HSs6bYggdj8/al7VZ6ZTSZc0qJVReZzbk2Nu1tk2zsg+02MZoEANAzhBP0iuJLam3dkwuDcLHCZparw+p4m15nVnb7Glt3b6V1rodI47hKm7t8mo1trrGJZVU2e52uyQne+/Jaa7p1om17oCoYP96m3NViI29dZtPO6HhZV4acNsMa1y2z2SPX2ryKYN4qa2zRujE2e+kMKzsqmsgZUmYzV9XatKOabHY07bL2altxZ1V2ywAA6BK/rRPQV6CB39YBAKDvUXMCAAC8QjgBAABeIZwAAACvEE4AAIBXCCcAAMArhBMAAOAVwgkAAPAK4QQAAHiFcAIAALxCOAEAAF4hnAAAAK8QTgAAgFcIJwAAwCuEEwAA4BXCCQAA8ArhBAAAeIVwAgAAvEI4AQAAXiGcAAAArxBOAACAVwgnAADAK4QTAADgFcIJAADwCuEEAAB4hXACAAC8QjgBAABeIZwAAACvEE4AAIBXCCcAAMArhBMAAOAVwgkAAPAK4QQAAHiFcAIAALxCOAEAAF4hnAAAAK8QTgAAgFcIJwAAwCuEEwAA4BXCCQAA8ArhBAAAeIVwAgAAvEI4AQAAXiGcAAAArxBOAACAVwgnAADAK4QTAADgFcIJAADwCuEEAAB4hXACAAC8QjgBAABeIZwAAACvEE4AAIBXCCcAAMArhBMAAOAVwgkAAPAK4QQAAHiFcAIAALxCOAEAAF4hnAAAAK8QTgAAgFcIJwAAwCuEEwAA4BXCCQAA8ArhBAAAeIVwAgAAvEI4AQAAXiGcAAAArxBOAACAVwgnAADAK4QTAADgFcIJAADwCuEEAAB4hXACAAC8QjgBAABeIZwAAACvEE4AAIBXCCcAAMArhBMAAOAVwgkAAPAK4QQAAHiFcAIAALxCOAEAAF4hnAAAAK8QTgAAgFcIJwAAwCuEEwAA4BXCCQAA8ArhBAAAeIVwAgAAvEI4AQAAXiGcAAAArxBOAACAVwgnAADAK4QTAADgFcIJAADwCuEEAAB4hXACAAC8QjgBAABeIZwAAACvEE4AAIBXCCcAAMArhBMAAOAVwgkAAPAK4QQAAHiFcAIAALxCOAEAAF4hnAAAAK8QTgAAgFcIJwAAwCuEEwAA4BXCCQAA8ArhBAAAeIVwAgAAvEI4AQAAXiGcAAAArxBOAACAVwgnAADAK4QTAADgFcIJAADwCuEEAAB4hXACAAC8QjgBAABeIZwAAACvEE4AAIBXCCcAAMArhBMAAOAVwgkAAPAK4QQAAHiFcAIAALxCOAEAAF4hnAAAAK8QTgAAgFcIJwAAwCuEEwAA4BXCCQAA8ArhBAAAeIVwAgAAvEI4AQAAXiGcAAAArxBOAACAVwgnAADAK4QTAADgFcIJAADwCuEEAAB4hXACAAC8QjgBAABeIZwAAACvEE4AAIBXCCcAAMArhBMAAOAVwgkAAPAK4QQAAHiFcAIAALxCOAEAAF4hnAAAAK8QTgAAgFcIJwAAwCuEEwAA4BXCCQAA8ArhBAAAeIVwAgAAvEI4AQAAXiGcAAAArxBOAACAVwgnAADAI2b/H62XMcq4MpzTAAAAAElFTkSuQmCC\" width=\"551\" height=\"348\"></figure>',100000,90000,5,'Doan_Duy_Van-PS37009.jpg','2024-06-09 16:53:44',2,46,0),(51,'Iphone 15','Đây là iphone 15 một sản phẩm ấn tượng, bạn nên mua',_binary '<h1 style=\"text-align:center;\">Iphone 15 pro</h1><p>iphone 15 là một sản phẩm ok ấn tượng bạn nên mua</p><figure class=\"image\"><img style=\"aspect-ratio:800/450;\" src=\"data:image/jpeg;base64,/9j/4AAQSkZJRgABAQEAYABgAAD/2wBDAAQCAwMDAgQDAwMEBAQEBQkGBQUFBQsICAYJDQsNDQ0LDAwOEBQRDg8TDwwMEhgSExUWFxcXDhEZGxkWGhQWFxb/2wBDAQQEBAUFBQoGBgoWDwwPFhYWFhYWFhYWFhYWFhYWFhYWFhYWFhYWFhYWFhYWFhYWFhYWFhYWFhYWFhYWFhYWFhb/wAARCAHCAyADASIAAhEBAxEB/8QAHwAAAQUBAQEBAQEAAAAAAAAAAAECAwQFBgcICQoL/8QAtRAAAgEDAwIEAwUFBAQAAAF9AQIDAAQRBRIhMUEGE1FhByJxFDKBkaEII0KxwRVS0fAkM2JyggkKFhcYGRolJicoKSo0NTY3ODk6Q0RFRkdISUpTVFVWV1hZWmNkZWZnaGlqc3R1dnd4eXqDhIWGh4iJipKTlJWWl5iZmqKjpKWmp6ipqrKztLW2t7i5usLDxMXGx8jJytLT1NXW19jZ2uHi4+Tl5ufo6erx8vP09fb3+Pn6/8QAHwEAAwEBAQEBAQEBAQAAAAAAAAECAwQFBgcICQoL/8QAtREAAgECBAQDBAcFBAQAAQJ3AAECAxEEBSExBhJBUQdhcRMiMoEIFEKRobHBCSMzUvAVYnLRChYkNOEl8RcYGRomJygpKjU2Nzg5OkNERUZHSElKU1RVVldYWVpjZGVmZ2hpanN0dXZ3eHl6goOEhYaHiImKkpOUlZaXmJmaoqOkpaanqKmqsrO0tba3uLm6wsPExcbHyMnK0tPU1dbX2Nna4uPk5ebn6Onq8vP09fb3+Pn6/9oADAMBAAIRAxEAPwDg18SsMfOOgpJvEx2/eFednUj3btVe41Ugfer4CMIyeqP6cqY2dNbndX/iMkH5hXOaz4gyGzJXJ6hrLDgP+tYd9qrMTlq9ChhV0R81meeNQauamvamZmYA9a56c+ax7/hTfPaVic1bs4lPUV6vN7ONj8qzbG+1k22V7W23NyPpWvZQGPGRUtrbJgfLz61oR2+OozWMqzZ8PisQnKyFsztx059qvRylfT64qoUA5U4pPM28VlK0jy3DmZfkmJXjFRtIS2aq+Y2cinRnPWsnFI7IYeyLkMgHYflV23O7BAqhCp3DFa2npkAkVx4jY561OyLVrE3p+lWdhVOQPyqzp8S7R8tXfse/qOK8vl11PPcUc1qCuVI2A/hXMa1aO+coF/CvRLqx+Xav8qxdT01DncvNejhqkYMqD5Hc8yuYWikwaSOTb2ro9e05FycEVzlxE0be1e9TqKSPTjNTRbtJxnH9Ktefisu3+9nNW+DxUzaTMnTLX2h3bGRU8as7dKhs4eBWxY2uBkjntXHUrWMqlTlWhVW0BxnnPtU8dgOw/StGKAfxVetbdTjjFcsq5EasramfY2JHRf0rZs7I+n6Vf0+yVlBrWs9OA6iuaVS+5MvMw/snGNv6VDNpx3ZI/Suzh01G528U9tLXqVH1rLmVzJzjc4yHT8NnH6Vfs7DnIUflWxcafsbKiiKMp1rppxuh8xRNuV7DP0pYx2P8q0pEyvSqvlHfXdCKsUncWCMnoP0q1DERzgflU1nBwDirOz5hgVNtSnAgjjOOg/Kq98SBzj8q0mjZV6Vk6xna1d1B2CFO7Mu+lUZHH5Vy/iacCNsYrV1Ccpuya5DxVfBY2y3SuqVS57ODo3aOP8VTgBuRXHyHdISR1Na3iK6M0rKDxmslhW9Pa59FCPLERRz0q5ZruYVUWrlmduKqQM3NNlCYArb06cGRWzXMQS4Oc1o2N1tYc1EWctSFztbSf93mllu5M5zWNZ6ggUAnrU7XatwvenKSscDo2expW91K0gGc89614gzQ7cDNY+jqGbcw5ret9qw8da4avKtTzcU4p2Ka2hMu5gGA9quwqgXlR+VSwqAuB+NV76RI+Nw/OufnieRUqXlYbdMgXKkfjWTeXJBPIovLoliAazrqT5utXHlO/CRXUsR3m47avWIDsC2OawFkCzVr6fLheorKtLsehUhaOiNuNV6YX8qJoAV4x9Kpx3HYGrUc37vJrid07nmVISbMvVLcIuQOvtWFeME4rb1Of5mBbIrmNWuB5mA1dlGXOrF0KF2aGlygtjIrtPDYBVc4rzTT7vZcAZ6mu/8ACl0rxDnkV52Mg4STOyVGyO3s1U4wB+VaEaLsxx+VZGmzBlHNaSy/LxWtHVXOSUrMzvEUKyQsCoP4V5N40s/KmbA4+leu6kdyEGvPvGtuHycc16eHiztwte0keV6lFtYkiqA61va7BgsAKxDG2+u2m+h9PRnzRRJAAW4rUs1+7WfaxOSOK1LRSuM1lWkjRyNOxHStW2XPYflWZY+wrXsxwK8etI6qLuyZVAXpRsFTbflpNtcLkejCN0V2Uf5FVrlP84q+y+1VrgVcJak1tEZ8i57VXkWr8i8VVlXPauuEjgqVLFcKKmiX2pY4SW6Vbjt/lq5PQiFVFZl+XoKrzJ7fpWhJEQKqzJUxlqdXMmig6Y7fpUMyirkgAqpcV105anJWlYpSD5qAvFTJEXbFXIbBmX7prtvocnMjPwafCpLVem06VU3KM0/SLJ5bjBXpWNSokjeLVrhZ2bOuSP0qwumZ/hrqNK0fco3D8K010ZQMqp/KvJrYtxehMsQkefXGlTR/Mi/hVfyypwy/mK9Cm0o84BPqMVga5pTRyE7MUqOOU3Zm9HEKWjOZkAxUDZB4rQurdkYgiqci16MJJnRKzGLKVp63LY61Ey0mMVqZOKZYjuJN1aFjdN0yKyEPPWrdicNkmk3YiVNNHR2cny54z9Kn8syc1n2JJxzWxarla0hqeTXilcwWvjt61Vur47etU3Yiqd1IwzzXJTw6ufr2Iz6k4uzH310STzWbNcc9aivJmzzVUsW6V6dKikj4nMMydSTszZ0+TOK29PxxmuZ012446V0WjvuxxXNiI6nyeOxGjN7T48//AF61LdNy4Zfyqhp4B7frWvbqoTLVxS0Pka1a8inNGBwOKrNGd34VpzRBuVqu0R9Kq6saYeXvK5SII47VJEfSpWi4NRMrJUux7EXdF2zI3f1rUs5MEA81i2snrWhaudy7RXBiE7M5cRG50+mSDcoArfs4g4FcvppcEHtXTaTP0B/WvJu7nnSiW5LNQucVia5ZgqeD7YrqTIhjrK1YBoyNtdFO5ktTznX7UmNuCa5HVocZ9a9I1q1JVjjArivEFuVbIXivXwtZ7G9B2lY5xFPb8qtW6PwetNCjdxxzVy0jHSuupLQ7pJrVlyxwAK3Lblcj0rJt0UKGIHFalnONoBwtedUuefV30LMYI61oaaAZBmqkRVl4NPt5gkw7e9c3K9yIyOs0rbtA49q37GJWUVyWk3PzLyOa6vSZAwXB/KspiqLQ1beDoPWrX2MNH0/Gls14Bx2q0G7dKw6nBN6mPd2Kk8Cq7adhc45NdB5aMwJxRJEjKSK66U7FRqOKOZls2C4P8qrrZsZOldFNFlsUsFovXbXYq9kaU6uplx2zJGARU0NvznFa8lunl9OarmLYeKSrG0qlyjNEQvSsHXQNp4rqJVO08VzuvRE7uvNbUq2ptRqWZ574mmMMcnHNeY+KL2WSRgzGvW9eshIGBHBryrxtpzQ3DbQcZrto4iDlys+iy2pGTszkbn55OlQspq79nYdRTTAfSvQU0e1JoqBKngU9qsQ2pParEdqV/hqZVUZ+0SIEytSCUr1qUwkdRUbQ7mwKhVExcyZbtJ2fG0mtexd+M1l6XbkcAZNdHplmeM1cnaNzkxFSMFqXdOuWUZrXtrxjFjHSs6O0281YtYmDc14GKxUrtHyGY46Kful/7Q7pwCPxqvcbn4YGrMKgUsqjFeZ9Znc+ceLnz3Me8KrxWRey/Pj0rY1VPlyTXO6i+MgfjXqYatKR9BlmJcrJjPtH7w8mtnTZQUx+tcuz4bknrWjp9+Ysc5FdkoOWx9Ry80TqLd8c1Z8zK8nHFY1vfxtjIx+NWftKFeGrnqRtucsqTvaxHqhZl46Vyurb9xNdRcEuuBWNe2RJapoVUmaUYqJhRylZPpXV+EdTMcigmucmtCGzjmptPZ4ZAcniuqtGNSBtVjFx0PYdDvAyjmt2GUFetebeGdSIRQx5rstOvA8Y+elhaVtD5vF1vZyaZoX8g8thmuR8RR+Zmuluizx471i30RKlTXsU6KSOOjjffR55rtllmAFc9d2pjb7teianZ5LEiuevrEFicd65a3uu59jgcZzRRzdrG24AA1qWsRIwRUrWqo2QOKs2sdcNWtc9H2ybC1jKtitaxHAqrGgAFXrUYrzq0ro7sPUuyyo7Ube1KvNSKtcdz3KcvdImTj8Kqzx5NaGz/wCvUFwvtThLU4MRV3M2Ze1RrAWbkVcaLcelWbaDjpXfh05yseHicTyoqQ2uO1Wkt/l6VaSHHapmT5eBXoVKVkRQxFzIuocDpWVeLtzxXQ3qARnisDUupAriatI9OFbQzZj2qBI2lk2gVbitJp2yqmtXR9Jn3j93+NdUHrocWJxMYptsraTpZbnYTW/Z6UuBkVq6XpmyMbhita309QMqc128srHjrME3uc6NIQ8KvXtWnovhqPd5gj79K2bWzO/BGa3dNhSIcD9KylRc0XLHNLRmfa6bDFGAsfT2p/2QbuFrZRA7YC1LHar3/CuR4RSexyyxvdnPTacW+ZUArA8SaY5wdnNegSRqgPSuZ8ROrSEHj0xXBicGotNHZg8Y5SPMdasCjHK45rBu4CpPFegaxbmUEFPxrktWtXjkIxxW1GbjZNn0dGrzI5+RcU1hxVq4jIfoaSO2Zu3Wu9TVjoKoHNW7Mc1KliT2qxBZsG6d6HK5EpKxa0/duA9a27UNt/Cqem2ZXGa2LWA7enauqjA8TFzWp5+wwOMdKpXSBquyfd59KpTKWapjFohZlUktzPkt2LcjNEdoTWtb227qKsw2YL4xwK19o7GFXGsz7G1KYJGa2dPhC4wcfWpLe0y3QVet7Uj+H86yk7nh4nFuT1ZY08lfvD6YrUtTuOB0NUYYisfT8avWeEXJY81zz0R5Tak73NCGAnnNSSWwK8jmm2rjd1Bq5GQeT0rhqTaOmhdyMyW2xxioJrcBeBWxMqGqdwijODWMajPcp6pGZHFhwBWhbkIMEVBwGxinswHQ1s486Ma172Nmxm4GMVuaTPyM1x9pOQ2M1vaTcBUDE1y1MPqcU4WOuhkB6mpJlRk5HWsqzuNwxmraylh1rONF3MuS7MvWLcnPHFcX4ksxtbaK9DvIt8ZGM1zmsaeZNwxXZThys6IQV7nmc0Wx+lTWeAcZrY8QaU8eWVeRWJHuSTDcV225o3Ot+9E1IRlev51MoA9TUNn80dSHOeK5prU8ycdWiwsrIPSmPcPuyM1GST60fxcVnyJma0ZuaDcncNzV2+i3YVFINea6azJN+Ndjoc7GMHNYTpjlG56Dp14GXBNW/NGRiuVsbhhjmtSC5wv3q5ZUmcVSm0zWefB61PDKpT1NYzT7uc1NZT5k+9xmk/dMdjWZBwRTkBC9aS3kV+aWZ0XpUqpqHNbUWVhgDNRjGeajkcfeqtJchWyxraLbD2rLlyg2ZrC1aHcpA71oyXSsuA2arzHfVczRUazucjqVl8pBrivFGgC63Hbj8K9TvLZXGMVmXWmhlJ20pSk/eT1PYwuLcLNM8I1bw9Jbk4Tj6VkPYFWwVNe5aroiyxsDHXLah4Z/eZVcc1tTzKUNKh68cy01PP7exbb92pWsyq9K7eLw/MI9pQVn6lpUsTFSlVHMIzlZM4KubKMtTkZLbjpSW9lnnb3rbmtccFaRYgg6V1xxB1U8xjJblKyhWObFblngqCOtZjLiQECrlox6Cu6tXtTOTMMV+70Zrw84HWrSxjHSq1iM1fQV8viKnNO58PXqNybI2XA4qCZ2XvV1h8vFVLhe1Ywd2ZU2m9TLvmLKcmue1RCCa6S7T5axNSjIzXq4WSTPbwc7NHP3AI70yNyMcnNT3indjFVVyG617VN6H2eDrJpGpaSttBFatq2fWsO1cAYzWtpzg96wxSXKdVW1jWhAC4FLJErckUtsuVGTVhU6ivGlKzPDxGJ5JGRPaDceP0qo1ntfpxW7PCfSq8iDHIreFZmc8daOomjxlWAzXZaHHll5rlrBNsgIFdXocgXb8wJNdeFxHv2Z8/jMTGrLU3lhBj5qlfWvUgfjWlC+4VFegGMivdp1NDkj8Ryuo24OQf0rntUi2sQBXVaguGbGfyrndUUsTxXPitYs+ly6va1zCZR+tEfD1JOhDYqHdtevFk7nuSrabl1cbasQnHFVbc/Lk1Zjz1rmkelg617FuLmrCLVeE1ch+Za5J6HvKvaAmDUFwuRVpvTtUE3FTDc82tU3K6oA3SrcCjb0qBfpT/M2j0r3cvgfP4qTky0qgd6ew4xmqa3PzYqRrlQvWvTqxQsPNoi1AEjaveqcOlmaQb6sxyCSXnmtG1CgZrhlSTZ6Uq/LEdZ6ZDEiqu0evFamnaeN67efwqrbtmQYFdDoahsfLXdQoI+axmKlKfLcemn5jyFxUsNqUGCK2I0VI/m6YoPlnlQK7JU9DjVVop2tntTfUsjqkZwOakM0cS4JrF1S+CP8p70400kae2Zq2t1irUN5GeK5RtRK8KeaaurkNgkfnTVBHPOpzHRapdjkK1YF8TPJhR0qCXUPMbAOeau2ajy8569a83FYdM9HB1HEzprNn/hzmsbWNK3c+X+GK7JVBXIqGWAP2rxa9Fx2PfoYtnnU3h4sS+z6VVk0eSNsBeK9IksVwVP5CqsmnKcjbVUed7nd9e6XODW08vjbj3qxZ2m/7w/GujuNNUMRjNEOnqnPau2lduxUsR7plW8BTgirK5WrsluA2AD+VQyRhW6dq9OldHlYiopHl25StR7BnmqEdwT3/OrMM2ev86nlscsYtGlbYAq5bqCax47gir1hcjPzdazcWjKtTdrm1aom6r8KDPpWdazLkGrfngKdprJxZ4taEm7FtWUMAegpJpYwp2nrWfNc+pGKrTXJD5ByKTpjhh2+huWtxg44P41px3A29fwFckl5gdf1q5bXxIHzVxV6XU9LCYeXPax0TTDbnNU7i4561SW83D/69I0gK8GuVQsz3KeFklclaX5uO9SLIGUcVVznmnRyKOhrrp2scmLpuNiYsVOav6fe4UDPSs1pFfg0kbsrcDArXlVtTzp6rU6ywvg2AGrotLbzFBz+tcdoaqZVJ79q7TQQm0LWDirmSaSZfWHcvTNQXWnhlJxWzDGgTgU8wbl5FTzBGaRwevaVuRhiuC17TJIJSSh69cV7fdWAYfMvX2rnvEWgxSITsz+FUqvLsaKsuh5RYybBtOKsrLlT1rT1bR/ImbEdZj25Q8UOSlsYykpu5LCAzdc/WpljyckVViZg3Aq9bjdS5dSOUfaw5kziul0lSqLWZp8PzA4ras1IA4olFD5TRt5MCrlvI3vVOEAc4qxESTXNUaSMZRLizN9ams3cSZqtEDnpVu2Q7fevMqzOWpFWNa1uikfNOkvM9CKornb96qt05XpUUveZzqPQvzXmF5NZt9ejd8prNvbtl79Kzpr7J5b8M16lOnobKh3N61vwW6960ba4WTvXFQ3wSTqK0LHVlDAFqqdIzdJ30Os+U9aWSFWTpVGxu/MQMDWhHLletctRWCLlFlG6s1K9KxtQ0/g7lP4Culk+fvVa8QMOa8/E1LQdzojXaObgtgq4Zay9Ys1kLDaK6G6GxsCsy86E4rxaNSXNcwxFROOpw2rWQR2GOPWsO8jMXToK7LWohuODXNatFweK+lwlZySPPw9eUalrmTkFvpVyxTLZqlja9XrKQZFe5irKiu534ipKUTXtRtWrSNnrVG3kBXFWI2r5+cTxKkdSwzVDNTt1Nf3qErGcVZlO6XvWVqEQIORWzOMrWbeDPauyjI9DDyszmtRhIORWbIAM1vajH1rGuo+vrXt0J3R9PgazViGN9p5NaGmz4kXFZTKwbmrNi2GyTW9SKlE9yUrxOysJVdQK1LeIFR/hXM6HMzSAV1enf6sEmvnsVBwZ4OLp+9cbJblh0xxVK6tmXnb+ldDBGrdutXYNIFyoBHXsK5aVScpWirnnTjzQa6nJ2kbBsEVq2rsjDnFa914eMGCgqnJZPGclTXoLDV4tTPAxDkpWaNPS7lnUKSfwrQVS681naLCw5I61tQxZSvVp13bU0w6bSbMjULZRzisPUoU2t8ldVqUQKnmuc1aL92cZraVRSierTlys5O/iAY1QeMbua2bxPm5Wsy4UZNeQ5e+7HqwrNw3GxnoBVuLtVWBatRnnAqJntYGukkWYevNXYWAXFUY25BNWI3FTKndHtKvpuTyMMVXlYY5NE0mOKqzyCs4wSZy163QlR80lw6gVAsnvUVxLmvZwj5Ujzpapkn2jaajmufSq0jZXFQlj0NdlSoiaJcsbjEhya3bGUMuM9RXKRsyvmtbTboDAzXJGqm7FYibUbo6O0YiQY78V1ehnEa56965HTLi3Z1LHn0zW9DqMNtHu3CvZo2UUfNSm5VGdJPcoqhc9KzZr9jJhDnHvWPPqxnPynI70i3YK8LituZXNowZdv76Tuawr+7Y5O+rdxcBlYseKw9TkVlJU8VMpG8aV90NkupSCQ361VuL11+UOfzqnNKFGC3TtVVpg78nNDqJI1hhfe2Oi0y+Tgk4PrnrXR2F6giADVwNrKd9b+iyk8Fq4K9TQ6vqzWqOzs5A6g1ZVN3XrWfpUo8sDNakbKqZ9a8+UOctScRyxIwzUMkSlsCpfOXoMUySdOcHk1pTppFxm2yhdWo8wkVGIVQZI/OrMk6r1OTVSWcs+K3hFJnRzSkitdAbqz7wrggVc1CQ42gfU1kXT7fy710xlYyqQbR4xbxscVoW8BK8Ciwi3Y+lbFla7lHGaUpDnUSMtrd/WiEuhrol04Fclc1XvNOC/Mox7Go50znWKg9Cra3ZXrxVhbzPes64iaPOKZauQ3zVTirXKhSjUehr7zJzmkfAOAarxS5XFTW8ZdulYSnY6Y0ILoQyb92R0FTW8jYxzWjHYZUZHJp66c2eBXFUxEHudtCnCLuirHIw71NHMehNXLXR5JW6ECrsOjLG2CuTXFUxVJdT1oxTRTjJZeaXGGrdt9I3R8R/pVa/0uaFchePesqGMhKVrnnY2i3F6FO2jV3FaVvZhjnbk1T09H87Driuk02MBRxXZKofNVLkek2hjlBYYzXTablJBjNU7ODkHHQ1t2VuCwKjgc1k6tjKNNyaRr6WCyjJNakUFZtmdhB6VrW7llGOeK5pVjqeGbVkNnt18sZFZGrRqVIxxXRPDJLDtVCfoKydVsp1Q/I35VNOtFvcxll+IXvcrscD4ksgwYqK5DUrcgHIr0PVomDEMK5jVrZSGz+Fd1PczjTkt9zkVjbd0PWtLToCSNwp8drib5q1bK3UsOBXVbQ25UT2URAAArTt0IUVDEiqtWIcdqwqMiROmStTQuE471FCyhcEUNy3HFcVVnPKJftyWNX4VIXOM8Vn2PatWM4iwPSvMqXbOWpEhkfFUL64ZM1bug3XFZt7Hu4OTW1CGoQijH1i4J5XisC8unVs5ra1K1c8E/hWLd2jnPHHvXoqooo25brQpG/cN96pbe/YOMNWddwtG+CuKLdGLCs6lZW0Lp0b7nceH9TYAAvXR2+oqeprz7SS0eBW/as7LxXDKvfRjqYa+tjqlvR61HdXq9Aa5i5vJ4F56Vmz68ckYavNrqVdcsVoeXiOSk/eZ019cIR1rNvJgEyTwawv7ZkkyDQbsycsc1lDByhueRicQ38I7Un3ZPasHUgCK1rmTctZd4MmvUw3utGOGve7MeSHLcCnQxkNVzYKVYhxXvYmspU0en7XQfae9XIzVeNcVMpxXjT1OOpqybNIxpmaGb1NZ2MeUZN901RulzV2RgVqrN0ranodFLQx75Mg1kXkffFb90oORWbcxZzxXqUJ2Paw9SxhSxk063Ujmrk0GD0qLy6741D2o4pcpq+HeZcGuv08EKP51xOjyeVcDJ712emS71U+tc2IgpGFeqpI6HR49zciuq02BUUMcVgeH0DY4rpol/ditMLh4RV7HmvYj1J0MWMdqyfLjmG0qCas6szR8Vmw3IWfHSvQsnGx5GJS59S0IxEwFSiYjgGqt5cLtzkcc1Rtb4STFSfpXh15cktAi1FpGy3zVl6xbAxFlq9BKpXrUOpSxi3OSKuNR2OiU1y6nE6woDH9axbo9s1s65Iu9uc81z11KN3BrmhG8mXh6kpokhf5qtqflzWXE/wA1X4W3VVSNj28HUa0LkPIqZsgVFBjbzUkhA71lKq9j1/baEE0mKqTS+9S3Z4PNZdzNjjNXSjczliEW1mO3rUckueM1VWbHFOjO45BFenSXKrs55V+hZhJbrzTlhzzUlnEWHAq35e1cVxV615WRoqtkUGiWnxxlVypwe1SfxYqRgPLx3rHnaInWurMpLqEsE2GXn1zVxNTaRfvdfU1R1BA3bmqJba3Ferh8RJ2uc8MPFu52WmXQEYG6p5tSVPlBFczZ3LCMfN2qK8vG3da9P2mh3UcKkjeutQz8obrVaSclSB+dY1vMS2S1XPNPl5zS59DR0op6Fe4f94eabbjnNQudzls1JG+1eKwnUsjspUeYt7gGFaml3KjGawlb3qxbu3auCdc71hU1sdpZ36jBRq0I9ScrgNXI6fKNuM81owz9iaUajZyVMKuh0MeoBuGb9aVrwdmyfWudM+1s5pUvDuxW0ZGSwpumYls55poZmbluKyRdlWABq5ayFuS1bQldlypckS5KgZcVnahbgqeOgrQUnbgMKq3rYUgHtW+5yyueUaLDu25Ga6vTbMGNcjr7Vg+Hyvlj1xXX6RgxAYHFctaTuebjpuIR2eFyBxVbUbQGFiFrpYYVMIO0HjpVTULcbcqAPwrGnN3ueBUruMjg9QtiHwRVAxhRgYrq9Qtskgrz3rHktAsh+vSu1T0PXwGOi3Z6FWxh3HkVsaZaq0wG39KrWyBDgjFbeiwF5VJrzMVVsmezOrcv2dgDgBeauCwweRWnp0CKBg1aMG5gNv4185UrSk3qT7Zxa1K9pYIIgQvQVOLJeMqM/StLT7Vig7+tXFsmb7q5ryalWak7nv4eteKM+ztAQFAqW80tGhI2fjXQafpjRpkrz7irn9mGSMkj5cVFKpaV2zoqLmR5vJpyRyMCo/KpLWExN0rqL/SVEpypJFZ+oaf5eGUEV71DEaWbPCxWFvqkO09d2BW/psYWPBrn9NJWTBrpdN+ePitqktDzox5ZalgoOMEV0PhLTjcNukzsXqaxbOPM2CK9A8P2yx6fGqHqMmvOrVn8KPseHcvp4irzT1SLlrFBBGFSBBxwSKW6W2mjKTwRsOn3adOAq5I+lZtxdbH5/GphZI/TqWW05QtY5Hx74ahELXNmOO615TrULRyspFe7akytCwI4I6V5F41tgl9IVHyk9PSvXwdbSx8ZxNw3Spx9vSVu5ySw5bOOpq5ZxYYU+1iG45FXIkC4wK9dTuj8vqxcJNMVYc96lEe0VJHgrzTblsDpxWMtTnbIHk2t1qaFt1Z0z5kq7p5ziuWUe4mtDWsc+la1spKgEc1m2OAuTWnEQV+U9a5Z01c4qzsx7QBuetVbi0z1FX4zg4NOMYZs+tSvdOP2juc9eaeCpOKybzTQFJxXaTWwINZd9BtU1LqNm0a9tzz3VrFRJyKrW9kA3Sup1i2DZwOapW9ix46ZrkqzlF2R62Di6j91FGGIIOOtXbZ5F6ngelaVj4curtv3Ucj59BxWgfBerpFvSBuOxqVD3ddz6COSY6pT5oU216GBcyhoyGHBrkdXPlXTAH5c8V1ut2l3ZM0dxCyMOxFcZ4gkJ6DoavBwtNo+TzXB1IyUZxs0Mt5ctmr0coC9axoHAHWrKzdq7qlO587UpXZqbwahmTNRQSdqn6iue3Kzm5eVlJlwacuO9STLULEit+ZtG6dyTJ6U4GoN9Lv96TiHKyffTJJKiaT1qGaSmoDjT1JWk96jdwR1qBpKjaTmtVTN40xZxk1WljyOKm35anbcrWybibxbiZs0XtVZo+elas0VQNDntXRGodUKuhQCbWziug0G5+UI3asmSHHarNmCgyKuVS8SqlRtaHonhy/RcKTXT296jJ94V5PY3ksUgZW+tdFp+qSMByaiGNVJWkRGbkrHY6g0csbA4PHFctqk4gnPt0q1/aQ8vJPaua8TXZeQlW/WtIZnBu0dTnxeFdRJli+1UsuN3PfFMsrrDbq5Rrp/O5PH1q9aXuB1rirU5ylzM554SUVfqdauohI/vNmqOoag8v8AFisj7bkVDNcE1C52ZRoS2YmqSFu9ZEz81bu5cjrWZcSc110YaHq4enZWJFfBq9YvkDmshXy1aWmk9MVpVjaJ2wjZmvG3y4pZHwvFRxn1pJWAXiuDl1OmM+5XuZcZrHvmzJkGrt9JjjNZszkmu6hC2plKbbsOjJetLT7V2x/hVPSot8oyK7PQrENtyv4YqMXifZRsKGsivpdhIcZFXLiwKj7tdNpunoqgkCrtxpsMkPGM185UzD3zs9jJo87uLbaxyKpzMV4z+ddPr1kYM1ympHaxGelephqntEcUoyUrMq3Tjb1BzWe554p17Kemf1qmzH+8a9ijHl1PQw8S0LoRLtzUQn3tkmqkxJpqgiu+Emz0VZI045gvepTdFhgHislGO7GatRGqlKyMoP3i4r5qVQTUFuKsrXBWm2e3had7DlHarUIwKgj61Mprhk2ez7FWRbtX2tmrPnHs2azo5Buwacz45DVcGzkq0UWpp39aZHctuxmqcsrkdaS1J8zk1upMw9jY37WRCoJOTWnbv8oIFYVm+K1LeX5PvYrqpnFXjZMvmYqtVLyfOeabJJ75qpdTAZye1dkYnjVZ6nCaHPjbk4OK6nSbshgM1w2mzBQvNbum3WGAJ496yrU7k4uhzpnoen3IMI+bipL2QeXuBFc5p98FX72Kmn1DdHg1yxptM+ZxGFleyH3jDZhjk1k3SZkyPwqfztzbutQXLcbq3ihU6MoNDbZDvw3NbekYjdRisOxkJm2+prt/C/hm+1BFmxsXsTXl46yTXc9yjTqSsXtPJZRgZrfsbX92CVyxH5VPpfhORdoEoJHWtZtKuLbClcg9TXzUozptto9KlhHJkWg2Ba4+YfL6V2Gj6TCzAtEv41kaXEE2gDr7V09hJ5ceO4rx8VUlJnvYWjyqxP8A2JCy4CjFQ32lBY8Ivy1q2NyuAWOfarW+JlPFcHM1qehynBajp4XJIrB1a2QLgn9K7/X4YmBYd647Wo137BjNdtDFvqzmqUTmGgCzZFa+j8naDWfeZjP41Jpdzib0r1aeM5vdbPIxOEvqkdNaoY2Dda9A8KzLNpqnI3LxXnsE4aIbeuK6TwneT2yHePl9K5sRWirNnu8N4hYevaezOn1EMV+UZrnNQcoxJBFb39oWtxDxKob0biud1+aKJmZnXb7GrpVlUXus/XcDXpyimmQTXK+Xy3GOa808YTqdQkA6E1ua5rQVWSFuO59a4fXLzfcsxNexgoSs2ebxDUpyo8qGRnEhxVhZBt4rKW5G/OanWYbcg16lOT5bM/D8xoJVXYueeFbGabJcB157dKpM+TTWYjgfpVqR5MqLHyEmXINaNgwC5zVG0tJZJMgE5rUhsJVXIFYyrQvubrLsRKN1EvW842jFaWnyksARzWJDHKjbcH8a6LwzYvLMpPNXToOs7RR4uMozpO0kaun6fLdMDjArds/C8si5BrX8O6ZiNcg5966rT7CQLwuPevosPkVLl99XZyRouSPN9U8O3duhYAnFcjrRaFijptNe/wB1Yb4SrLnj0rzf4leH1MTyRphh6CsMVw5HlcqO5NSjKLT6HlV4UB46mt7wL4eOp3SyTD92D09a5m+V4L7y3z96vV/h/wCVFpKleu3rXxuMg6TcXuj9b4DyOniantKivFdDo9N0u0tIVjhRVAHYVPNbwFf/AK1UPtmzv+FMbUQRy3Fedzn7YsLZJJaGL470O1v7F0mQZx8r45U186fEHTJdPvpImHKt+dfTOo3IlgYE5rxH42Qp9q3f7NdGFqWqo+K4x4foYjByr8tprqeYLL69qmt3y2QeKzrqUpKVzUljN2yK9+VP3bn8+Y3B8ja6m3AeKuRn5az7Nwyir0Nc6ws6mx83WVmOwCOarXC4arbCqt50zitZYRxiRT3Kkj7aYZqguZMVVabDUo07nowpXRfaWoZpPeq6zZ702Z8irjTszSNKzJGlprSGq+/1NBbPNachsqZYR+auW53CsyNqv2Z+UVFSOhlVjoWGiDdKb5NWrdC3apWt2PRa5faWZx+1s7GRcRj0ptv02mtKe2Y8YqjJCyNnmtozUlY6IVFJWLEC/OABWvaII4xjNYVvcFJACe9ay3alRya560ZM6qHKm2y40uFINYurfvGJB6VZuLkNwDVG6kHOaVGm4u50ykmY15lWzTYZj0zUmokdRVCMndXrwjeIRipRNWOU7etOaQ461UhY09nrJw1MHT1G3T/LVFyWbNW5vmqrINvFb07I6aSsJCMycCtS1BTGKoWWPMrXjClelRWl0OmML63JVc1DdTbVOaWQ7V4JqjfMWU1zwhdlOLS0IbyYsOtVR96mySZ4pqmvQjGyMoxsjoPD8alhyK7zQIgFUmvPfDtwFkANd/oc6mIEHtXgZopF4e3MdFG4C4qVXx3qjHKCM5pWm2jNfOumene5R8SMGVuO1eeeIH2yEcda7XXrjKNXAeJJf3nWvocqptGFSne5mSHc1MONvvUfmU5j8uc19Fy2KprliIw9aY2AMCnFs8U081tTdmTKs1oNj+9VqE81WXhqsW/3qqqbYW8pF6Hip46rxnirEXNebU3Pq8HHYmWpOi1GvSnHgVgewkrDZDg8GmiYjg02Q96gc1cYmU43J5LgbcUtvId2apNU1s1dEFqc84qxt2cmBmrcdxWRA5Ucc1ZjlPUiuqG55leJoNcEjAOKrXU3yEbuopjTEjaKiZSeSe1d0dUeFWppSueb2s5FatheYYBjWHF2PtViFyGHNbSijqqQTOstdRI4zmraX6EfMa5m3l461ZWT1rncEcU8NFvY6KO7TbkNx7UjXSsuA1YUdzsPXih7vPAqeQ53g/ePQPhnpQ1LVPOkGY4zivZdLEMMSxxL8q8AV5f8F54/7LKg/P3r0fSsmVRmvBxL5pyb6Ht0KCjFI6rRoi7qcAV0AsopIdrhTWBprbdqqc10lir+WGNfOYid2d8KVjGurM294uOmanUlW71Lr8yRzKe+fSore5jkUc814mIaUjtpU9CzC0mBtBrQt2by8EfmaorLHGwTf9cVMLtV4XpXm1K2p08pHrkcq2pYCuF1SRxIxc9PWu4vLkSJtLZ+lcr4mt4ypdePasKGJXNykzgcrfXAZvYUy1lBm4FMvoW8wjtS2MTJIp65NeymlG6Zxzp30Or8PxOVVm/Cums0KYLMaxvD7LsUY4ro/keNfLXAA714lSvOVV8zHGn7OziVLrauSvGa5jxNMDG2JDt7810l+uMg9+9cb4oQmN/avRwM5Rnc9jC5o6G5y2tXixxsAeRXKXV7vk61e8TyNDG4JzxXLLORk1+hYFKdO9gxub+3hozV+1EVLDd5U4asRp896RJmDZzXY6VkfJ14qo7nQrd+9XtHVrq4welc1BcZwDXV+DyGRjXHXulYrAYONSuos6KyjWNAFFXrdgWxnr2rPhbFXdJDSXIGM5Nc0KLnNI+y+qKMLpG3ZaalwvKc11fhPRGjlUbP0qfwbo7SRoWWvRNB0dFlQlRX3OU4FUkpHxOfYelUV7aok8NaEzRhitdHFpDIv3elbeg2SrCoC1rfZBt6V7bnbY8OnhIpHHS6admNtcp400cS2jgr2PavU7y2UA8VzXiS2RoWBq6cruzIrYZWPkP4paa9hfmQDgNmtr4bayktmsZftg10fxu0lJIpGC8ivFtD1STRtWaKQ4TdXxPF2W8i9tBbn6f4c42nTq+wnse3zTH1qLzCWyWrl9L8TRTRLuYN6HPNX21m0Ee5pce2K/M5YhJ26n72sOuW/Q0b2fbCx3duteLfF3Ukn1BkDZ2cV13jbxbEts0Vuw6Y4rxrxLfvPcO7NnJr1crozqz52tD4TjDGUqWEdJPVmJqTZkyDUUEhVh0pt3Jk1HG4zkV9dGPun85Zkk6jsb2lT54zW5ancBz+Fcvpsg3g10enP8orfC8uzPkMbTs9C7j5aq3Yypq0WGKq3jfLXoOlFo8+ne5iakNp61mSPz1rS1I9ax52w3WvMq0eWWh7+GV4k0clSF8iqKyYNTJIKxlA3lTJJDTQ9DMKhYkGmojjEtRtWppqlgDWPbNk81v6OuVFc2I0icuITtZGnYoSwUV0Om2KFc4GKpaLCAo3L37iugVBDEBivnMVW1sjLCYO75pFK+06F13BRnFcxqloEYnH4V2jyDbzjpWBriqVbaBRhK0lKzOjE4WLV47nHahGVbcvaktZiVwT+dWL4fMQR1rL3bWIBr6CC5omNK7jqackh2jkH6VXnkDfxVV89h1qGSUnpVRpHTG7ItQkySKqKamnBaoOQ1d0EkjqjHQtQNxUjNxVaNsVIW4qXHUzcdSRW+aq92ecinb8VDNg04x1NoRLNnwoNaFvITxVCzwYwKv2y7RkmsKu5204olmJCcVRm5zn0q1cN8uBVOYgKammjWUVYx7hiJSPelVuKZcjM5xSqOK9K2iOaUUi3Z3BicMD3rsPDerK4ClufSuFHFaWiNIkwcHpXHisPGpB3M1G0ro9TtZiY95NJcXYVetcrb6rIseCx/Oln1Qsp5r576lLmO6L0J9evuG5riNanMkxrZ1WdpFODXPX/DE17uBoqCKZArfNzzT2bI/lVVW+apFavTcTGT0J1OadTUp1Qtzme4hqe2NV8GrEOcVVTY9bA0+pbjarMJzjNVI6swda4Jn1WFjZItR09hSRCnsK5m9T01sV5QKrPVuYVXkFaxZEiBqWI4NDjrTV4NbxOaRdhc1ZhYnvVGE1btzmtYyOOrTL1sgPJqeSIFce1MtR8o4q4iAr+FdcKmh5Vajc8bjPSrEPWqsfSrMHNejIhly3PvVtSdvPNVbcVYXpWLM2RzOajWQ0+aoSPmqQSPRfg7qot74RO2Fb1Ne06bIrsrocg182eFbgwTgqeQa9R8OeJJo41IkP0NfNY6MoVm+jPUox5oqx7ZoLqXUEV11jIojG8jp0NeP+GvFEmFJC/Wuy8P6nNeT72J2gdK+bxlr3R2wpvqb+q2i3c2d2Fqqul7NuyQgZq4lwgxnn6017oSSbRjA9K8mpTU07o1TcdDNvILiBi2dw9RTLc3D9VYV0tqkUhywyMc+9RXtuiSAKOD2FeHjKfs03HY2hK5mRwyGPnP4Vm6xA/ktkH6V1EUSLHktz6VnazGske1f0rzKVZqaNGtDz+/tcSFgKhtYyJNuK376D95t4z6VWtrNkm344717sa/uamLhqbOgriFd34it2Ar0P4VgaWzLzzW9ZNuTcw+lePXup3RU4FfVFdkOF/WuP8UN5cL8ZZu2a7DU5SuQB171w/ivBZipNe1lNROV5M4K9N20PNvFkm5Wz1zXIXUux8etdj4oTzPMOMYFcJqTf6RgV+jZZNSjoec5OKsyaORmarEfNUrcE8Cr8MYAyTzXfUlYxk77E8Kc5NdL4RuPKuArH5W4rnoQuKvadIyONtcVZ8x3YGThVjI79SoXiul+HWnS3t95hQ7QeOK5PwlFLeSRpKu4V7n8PdNhhtowseOK9TK8tqVainL4T6zE5pQjQajudd4R0oRxrle1dnpdkFIO2s/w/EvlrxXSWigLxX2aXIrHweMq+1kX9NGzArT3Db0rMhYLzUrXQC8moOQbqUg2muT8SXAWNjmtjWLxVQ/NXCeKtSG1gGroox1ucteokcD8Tts8EnfrXzr4+sGF0ZI+DntXu/ji+UwuCa8d8SBZ7hh715vEVSKwjOvI8w9hir3ONtbvUbYfJI3FTTa1qLJtd2rbjsVZeQBVe+01PLJAr8pdejKWsT9Wo8TVeTl53b1OdvLmSVMu1c5q5O85NdHqkfkhq5bV5QSQK9fBpN6Hy/EGcxnDWRmzNlsU1aUjFOUCvX2R+a1arnJtlmxfDVv6bNgDmubh4bNaljLtxzWXNyyuebiqakjoo5cr1qG7f5aq28+e9FxL8vWvTp1LxPKjRakZ+pHOax7ondWlfNkGsm5+8azq2aPaw0dBm6pUaq+aehrncTslEn30bs1CzYFR+ZtapULkKFy7E2Grc0ecGMZNc7E+at2tw0Egb8xXPWp8ysRKnfdHoej3ACrz0roo5xJa/T3rzzSNTUqDv/Ot6x1VVX79fN4rCSvsawSibF0+MnNZN84YNlqbfamjLwwrIu74dN4p4fDyJlBMq6ngMTWFMTvJHrVy+ujJIQKpSEV7tGDitTjjHlkwTcWxVmO2PVhUemrumArSdcDFVUnZ2R2UKak7szZoQF5FVLiHuK0ZgScVA4+bBqoSZ3+yVjOkbZik8zNJqgK9PWoIQxrsjFONzGVNE4YmmzOOmaVUO2omQlulCSuSolrT5MVrQtlOtY1ohJrTtc8CsKsbvQ3pvUmZc81VuxjNW5GqpN94mpjTa1NpGXJH82TTCKtTVAw5rqjI4nLUiUEyVr6cAiZNZseA9adqfkzWdZ3Q4y94uM+V4o35Xmq7MB0pFkrk5TsQ+6bEbZrntWkwx961tQuFSIlmrm7yUySk5ruwtN7lbixnNWIzVWOrERrskjOaLUZp6jLYpkKk81ctYQTk9a5nJJnMleVkMWP2qRVweKnaLApFTFKc00fQ4OnohYhVmEelQxrVmKuOZ9JQjZFmEcVIwpsI+XNSYNcr3O1bFeYVXkFXJQaryLWkWZyKrCmYqZlpu2t1IyaHW46VegUCqsIxVqF6cZamM4l+1NWopCKpWvJ+tXY1Pp2rZSscNSlc8ZtzVyH0qjD2q5bn1r3pHn2L0VT7jtqtARUztisGZuPYbIcnFRimu3NS20e9ql6I2p0HNpIsaWzJcBh0rvPC/71QK5PTbTdjiuw8M2zR7SBXj46pTSu9z7TJciq12lY7PwzCwYAetekeDiY0ZcDJFcBoTeUVYiuw0W8WORWU18tWr0akrH2M+F5U4XlE6uQttzuxVVboQyfeAqaG8jljGCDnrWLr0qxsW4rNYSM9j5jMMpdJOUTobfWAsO4N3xmo77xEomwSOBXEf2ykG5HcAN0Gaz5tUM1wWLV5WNwEOVxe587GTiz0RdeVyAG/KpJ9SV0wGxmuAtb/od3NWZNT2jLP+Ga8OWWpPRG/tLo6C8nQTcNk96dYOz5GODXM2moedcZZuM81qrqw4wdqjgAVv9TdrMlVE2dHaoNu44FacLfuwAfxrnNPvUZVUNz1Oa2o5laPb7V5OIoyi9TpjZoZqQVkPzk/Q1x/iKJ/Mbaa6q+YRpyfwFc7qjBlY+1dOCbi7mFajdHnfiiMeS5x0rzbUj/pDH3r1TxciizkPcjArybXN0d0Rg9a/SMineLR4mIo2ZbsTkDFbFjA8pwsZP0qHwXpMl8yFgdpNev8AhHwfaJCrypz71143FU6Ts2fS5NwriMalNqyPO7fRrh1yUwK0dM0SZZlJXIz2r1pfDGnmPATP4VXfwwIpvMt+g7VxYfHUp1UpbH0OK4M9lTcoasr/AA909RIhZelezeFY0jVeK830BBbsMrtZeoNd54fux5Ywa/UMucZUk4n5vmVGph5uEzvtJlAxg1u29yFXrXE6fegMPmrU/tJVjyWrudO54k6nY6W41JI48k1g6j4ljibG/wDWuW8SeJEjjZRJ096858R+KWExKyfrUSUILU5KlaVz1DW/FMZjPz/rXC+JfEsRVjvH5155rPiy4YMA5rmNW1+4lU/OfzrlqZhTpo5pqcjf8VeIPPZlVq5KQmaTd71TjlluZcsT1rXsbYCPk818tmmNlidOhhFOlqiKMALgiq97KixnNXZ1UCsjVG2qcV8liMJBu5u82xFOOjOU8UShmby+a4+8yJCTXXawAQx6GuR1I/via9TAaRsedSxtbFSbqMrMaVTUbZNCkivSsddtCZTg1agk4qhvqWGTFRKN0Zzp3RqQzEd6kaclazVlqQS570Qk46HLKjqOumz0qhMPmq3I+RVeUZro9podFPQr7fmpwGOlO20VDZvzDJBx0qrNVyQZqrMtVBmlNjILja2DVtZwyg5rKnBDZFJHOw4NbSpKWqOiVJSWht29wUbINX4NRI4LH8656GUkdamEpx1rmnQT3Of2bTN641JyMBv1qrJdu/VjWaspPFShqhUIx6Eyiy4r55NDNmqyP707zKXKYOGpf0t9staMjgrxWJaybWq+k25a56tPW500NB0n41G2DTpGqHfz0oijr5irfRbmwabFGoqSZt0lMB5roTfLYcY3ZIqA02SHHanwHJxUsmBUczTLdO5FbxKre9XYwoXiqe75qsQEnvT1b1Lp0RzHk1BcOKsTL8uapzAnnNdKSaKnSZUmOZKaw4pZzjmoWlyark0PMnBqRJgg1NHcbFxVXzSOlRSvzkGp5ObccYu5f+0gj71RyXQUdaoeYfWopH4qo0UdEbjtQuWlPJ49Ko8k1JIc0zFdUUorQ3joh6VathmqsYyav2adKmo7IyqFy3TgVo2q4xmqtupHUVdgrzasrk4eHvXJXQFagaPFWVPy0yQDFYxkz6PDdCFRU8P3qij5qaFeaJntRmoot261YC0y2A21LxXHJ6mirEEwqCZaszfSoJKuLHz3KrrTQtSyCmCt0yhQOKlh+9UQ9Knh9TTi9TKoy/Z9BWjCvy/hWXbSBfpV5J/l4rdM45SR4rGSKtQmq8aHrViJcYr6Jnly6l636VJI3y1FEQF4oZ81g9xwjdiRjc1amnRdKzrf7341sabycVy4mbSsj6zJcDGck5GzpcYyOK67w8o3KMVzWkxDcM11uhJhlxXy2Ok2mfrOSxoYdq51VhBujGBWjaxMnTNR6OoaNea1kiG3gV8woTlPY+oxePoKnZMg86eMfJIw+hrF8Q6nfxwsDLx79a35ogFJNcv4kXO7PSvbwcWpK58Bm+IpOLOE17xBcx3BBJ69ahsfGQQ4mIOO5qv4ogBkbiuR1CArJXvLC4autUfleKq/vHY9Ij8cW4X5Bz7mnw+KxcNhmxz615SGkU43Gp4JrhWBRyKzlkuH+ycLxEke2aVrEbx5Rsk1pWmo88nPpXkfhzVp4Hw53CurtdYLLkHb9DXk18plCTsiliEz0ex1PEi4bnvXSaTqRY7HPI5rySx1lRIBmum0vWF2qd+31rxMVlbldSR6FGt1udvqOoDdtJyTWNqV+ojbHpWbJePKxctwelVb6QtH14rho5e09js9omjI8VXO+2YZzzXnmtwiW+Q+prsfEUmc4+6K428uF/tBOfu19jldF0oOSLo4WFWrFPuejfDG0RWjO3pXrembVjXjjFeQfD2+VZkXI5r1LT7nMagntxXzOYVpxxD5+p+75dgKdPBw5EbqSYGA34U8SkNu/Os+Mlsc/rUjPtXPpWNKq00y6mHTVh+qSokfmoQGHX6VY0LW0XaPMH51yXijVUgt2UvziuTttfKyfLJ+tfqXDuZP2GvQ/EuOsDCOIvFas9+tddhCg+YM/Wqus+KAsJCv+teP2/iGfb/rD+dOk1WebjcefevqXj4W0Py+VCV7HU65rk1yxHmcVzl8ZJGLEnH1p9mGkO5s4p95kDGOK8+rXlUM5UeUxbxYypGOayLyA9RWzqAHPODUvhjwp4j8VTNDoelyXAT78zEJFH7s54FcEqM6r5Yq7MKlkjmoCI2zmr0WooF57V1OraB8JfB2R8Q/inBJfKMnSvD0X2iUn+6XPGfoKwL34w/BzR7N/wDhHPg7qWryQH57nXbxgv4pkfyqFk9aXxNIhYWpPW2hl3mrQDIMij8RWLqGqQ4/1i/XdWp/w1VJA5XR/hN4Fs1XoJrJHOPqQc1BdftX+NJDtg8MeALdccBdJjOP/HaiWQKX/Lz8CnlcpK1zjNWvY2yFkB/GudvnDSZ3CvUo/wBqPx0ynfpXw/PPG7SIuP8Axynf8NOeM3b/AJBHw4UejaTH/wDEVpSyNUl/E/D/AIJnRyd09pHkhYY6io5HHqPzr2J/2kfFkmM6R8MPx0qP/wCIpo/aM8UHOdE+Fp9c6XH/APEVt/Zdvt/h/wAE6Vl8v5jxrzBnqPzp4kA53D869ib9orxJyreHvhWff+y4/wD4iq837RPiT73/AAjnwvz/ALOlRdP++Kf9mf3vw/4Jf1B9zylZl/vD86kSYf3h+deky/tEeImwD4Y+GnynK40mL/4iqF1+0h4itsw/8IP4DmQnIeLRImU/Q4qJZWv5vw/4JP8AZjfU4neD3pGKn+IfnXXN+0nrjn5vAHgk+39hx/4U0/tG6sevw68EH/uCJU/2ZH+f8P8AgkPK6nRo5Lj1H50rKDyCK7E/tGX6SHHw18DSqOhOiKM1bm/aNH2aExfCrwVLMVJmVtFVVX0AIOT/APXo/syP8/4f8EX9l1e6OAYCoJwPWu7f9oXLFZfhD4HPqP7MI/rSP8fbTnf8G/A7Edf9Af8A+KqllqX2393/AAS45bVT3R5xOuagWLmvW9F+NWnX1vLO3wd+HsMUbAb7mJ41JP8ACOeTVlfjBobD/kk/wxznnM0o/rW8cEl9r8P+CbxwtRaXR5HCh9ql2+9esr8WdCbd/wAWq+GXzfd/0qQbf1oh+Kugjh/hZ8NW+t5IP60PBRfX8P8Agilg6j7HkyjFSKSK9bj+KXhz5c/Cr4ZnHX/T5Bn9alHxO8LE8/Cf4Z++NUl/xrJ5f/e/D/gkfUar6o8gDEHrTlevXJvid4QeN0b4T/DmMPx5kWpyF4we4BOCRUdp8SPACkRP8L/Bl04J+eS/eLPscHHHrR/Zt1fm/D/gmbwFW9tDypJOasxSmu08X/EX4eSBUX4TaRZyd5NP1dpVP4E8Vi3HiX4WXSqRp2qWLMBuWNiwB9uawnlra0ki/qdSPS5ktLUbSHb1rdt9E0XWzjwp4gjvZcZFpcARyn2GcZNY+sabf6XcGDULWW3f0kXGa4qmFqUtZLQylCUXZqxBGc9aVqiUkLmk83tWXLqb046Fm3PzVJcMAKqLNjmmyT7261PI2zTYsZy1Xbfhc1QtvmYVp26fLzWdR8p10Uhtw/y1Tmb5a0mg39qemnRsMsKSxCjuXU5bHMXhPIxVPec4rsJrC3UH91k1n3GmxluEA/CuiGMg+h49acUzB3HFNZj3rYbTh2FMbTj2WtVXgcqxEDFZielNY1pz6eR/DVOa0degNbRqRZ0QqwlsyqetJj2qRlZeopuK1ubJj4VNX7Pg4qtCny5qxCdvesajuJxuasBzVmP7uQKzYZecVehmG3Oa8+pFjo/ETM2Khd89KheUljzSxnmko2PZo1ErFmHI61YhIqmrVJHLg1EotnZ7W5qwH5etS9qz458VMtyOma5ZU3c2hUJZOtQSUPMOuf1qKSZcdaqMWdlN3GyHmoyR60kkme9QySe9bxiaTqJImDAVJHKB3qi0wFIsxPAq+RnBUrGrby5bAq/bnPFZFmcnNa1n0HNWtDjlUbPMvI2HGKFj9K05rbrgcU1LQntXtqTOB1lco7SBxSc961VsSVzTRpru2AKfMbUa8ebUpWoYnpW3pMbdcU220x1ONtbekWeMKVrgxE4vqfU4DMVTSsy9osLNgnpXVaSoVR7VnaPbqFx6VrwwlVGBXh1vZp6nvf28lH4je0u62Ywa27W+Qjk1ydnlCCTVqOU7vvEV5VaV7uMTza3FU4+6mbuoXvyEA1y2s3BbO5q0JpVK8nNZOoFWB4rGNSXNqeXXzqriEcrrkO5mOa5fU4fmbIrrtX71z2oqCDxX0OCk7HPClKS5mYHkZfp3q3b2ZK9KsWtqzSZ25rZtbFtq4XrXoSrWOStSlfYyba1KdBWlbu8a8irq6ew7VKtpjtSdSEtzyZynTepUW4bcNi8mtTTJ7mSQAscLUdvZtu4StfRdPfd92uTERptWCGOlB7mzpMk7hf61fe3eRcsSafpVoQoGK2bayLL0ry5YaN7nZDNE47nGa5pzvGQF/SuF1nQriO4aRSTzzXtt5pgk+8PyrC1zR1CttTHFb06zoxstj0MFmtqidzgPC9xPZzKJDjbXrXhfVoru0UbwHX3rze+04xyEqKbZzXVo+6ORl+hrycxwcMUuZM/ceG+KFKiqVbVdz263u9qfNg1Bq+sRRW7HcM46ZryqPxNqSfIZGI9c0Nq09w3zMzZ65ryKeV14uzlofSYnNMHCDnF3Za8YarJdSNsY4rm7OeYXAXJNaskRl+Zh1qK1tR9pGRX2WBp+woxgj8R4pxrr1XJmvpAklZR+ddLY2uME1R8P2yrz/SuitY1K19Rh/hVz4CdRIltUAGOMYql4kvrTTbXzblvmb7kajLP9BVq6ma2hZ0iMjAfIg7msjUtWsfAvhSf4i+LkjubjeYdC008/abgfxsP+eafqfpXoU6anpsc07yjdIi1abSPCOiJ4p+Jk0lnbzLv03w9bPi7vvRpD1RD6dTXl3xQ+M3i7xLaCxmvD4X8PAYt9C0k+XI6dvMYdM+p5rifHHiXWdY8QTeJfE1097rt9+8RZeVs0PTC9jjoO1c/oel6r4h1gWenW8t5dTHLY7f7THsK7nUp0Kdlov61f+RFDCuU1bWT/AKsi8niW4s9w0W3h00MeZUG+dvrI2TWVNNcX100k801zNIfmLMWZvrXtXgz4LaZa263HiO5a9n6m3ibbEp9CerV32n6DpOjqItO0y0twoH+riXP514dbPKV7QXN+CPqMNw9WlG9R8v4v+vmfMdroWr3GTDpN6w7FbZjn9KsDwn4kaFnGhagCCML9nPPvX047SDjP5VExfA+Y554rH+2JvaCOv+waa3mz5kPhXxNn/kX9Q/78Gm/8It4nPH/CP6h/34NfTZ3E5GevSgBvU1LzWp/KjRZFS/nZ80L4O8VNbtcf8I9f+WpAyYTkk+g71H/wififP/Ivagf+3c19ORq+cZ/M06Q7F3O4VR1ZjgfnS/tWd/hH/YVO3xs+YP8AhEvFH/Qvah/34NIfCXif/oXtQ/78GvpaTVdNXg6laZ/67r/jUT6ppx6alaf9/wBf8aqOZVH9kxlk9JfbPm3/AIRTxMOugX//AH5NH/CLeI++g349cQmvo19SsD/zEbX/AL/LVeTU9P7aja/9/l/xraOOm/snNLLoL7R89f8ACMeIR10K/wA/9cTSHw14gHXRNQ/78mvoF9SsP+gja/8Af5f8ajbUrDH/ACEbX/v+v+NarFSfQwlg4r7R4B/wjuvf9Aa//wC/LUf8I9rw/wCYPf8A/flq98/tGw6/2ja/9/1/xph1PTh11S0/7/r/AI1p9YfYxdBdzwRvD+u/9AfUP+/LUf8ACP69/wBAjUP+/LV70dV0wf8AMVs/+/6/40n9saUOurWf/f8AX/GoeKl/KXHDRfU8HXw/rv3To9/tznHktTv+Ec1zcMaLe/8Afg17uutaT0/taz/7/r/jUi6zpR/5itn1/wCe6/41P1yX8pvHAwf2jwN/Dutj/mDXv/fg03/hHtcK5Gi3v/fg19APrOkAZOsWX/f9ansr6yuzttL63nP92OUMfyqJY+afwnVDKqUl8Z88r4c149NDvv8Avwaf/wAIx4hPTQb7/wABzX0aob1NTwq57miOOk/shLKYL7TPmxfCniVunh+/P/bA07/hEPFB/wCZd1D/AL8Gvp23iY9zVuOBq0WKfYzeVx/mPlK48L+IYRmXQNQUe9u1Zt1azW7YuLeWE+kiFf519fywNt71nalpkN1GUuYIpkPVZEDD9aPrdt0T/ZfaR8mruVleN2VlOQQcEH2Ndf4Z+IOrWirYa7GutaecKYbpv3ij/Yk6g/XivSvF3ws8PaijSWcZ0247PCMoT7p0/KvIPGXhjVfDV8LfUoQY3P7q4j5jl+h7H2Na08RCb03ODFYCcI++rxPQNb0CxuvDp8UeE7p7/RwwS6jcYuNNc9EmUdj/AAuOD7HiuPnJVqp/D/xVqnhPXk1DTpV5UxTRSjdFcxH70Uq/xIR+XUV2Hj7StOaytvEvh4P/AGPqTMohZtz2E4+/bue+M5U/xKQfWubE4SKTq016r9V/X/A8SpTdKVun9aHM+Yx4ojJ3DmkUfLT4V5zivPdjGUtTR0/nGa2LVcqBWTY44zWtbNgda82vuddOTsW4EGcVbAATFUoZBu61YkkAXNcM07hUloMkA5JNQ+WrNlaeZAetS2qq8gp3cUeNiBbXT/OrQt9BLgcCtPR7ZQgOOK17eMN/+qvOrYyalaJ5c6KluczN4XDL8u01g6r4fkiY/L+lepW9sDRfaXHPHyg/KurC1q27ZjyThrBnh99pRGfkrIu7J4myAcV7LqegRMxAj/SuX17w+VVsITj2r2qeKcdzuwuMkny1Dg4B8uMVJ7VdvtPaFjxVKQEZFdUZqeqPaUlKN0OjcjmrEch21RTINTK1EomPtOUtK3Oc07zMVT8zBpTLgZrPkOilWL3nD1pGn561mtPio2ufm5qlRO+GITNf7UQOtKt5jvWK11x1pouTT+rnbSmbn2vP8VH2j3rFW496lW496n6vY7fb2RqtP71FJL71R8/nrSGY0KiYVK7ZbMnvUkJ5FUFly3Wrdq2eaJQsjncrs17LPFbVgCfyrF0/HFdFpEYI5rFxaC2hx81vhsAU4W5AA24zWjImWzip4IcsMrmvVR8k8YrblS1tMLyKt2tqMZC1ZWIDjH5VZs4RuyTgChs5qmOa1RDBZ7hnFXdPscNuxVmFQZMKOPpU7bVTrj8K5KtLmNaOdzho2S2MIR8k/WtPcoT5TWRHL5a8tTJr7a3BrzqmGXY6/wC1KlV2TNfzgrdal+0Lt5Nc+2ogLyaifUs5w1ebWoy2R6WFjKo7yN+4uwqn5qyrq/3ZAP51kXWpncQTVRrwufWooYFt3Z9Ng8KpWLl5OXyAao/ZzJJ0zmpbfMhHua3dDsFeQErXswjGnGyPcjRVlFFLSNJd2BCn8q6G30oKoytb+k6dGsYCqPyrU/s7MfC1zVJXZ0fU4W2OSbTBt4Wo/wCzSGAC10s9qYjnH6U6G3Q/OeawvKLPCzLL4uDaRj6fpOWG5f0rodJ05FwBH+NOtwOgFa2m7RwB+JrZtWPz/FuVNtFqw02MqCExV+OwC9Fq3pKZwQM1rR22/GVrlqSPK9vJPc525tAikha5vW4Suc16DfWoCmuT8SWwKtgVlHU78LjXGauee6pEN5yM5rJvIQMAVt60PKdt1c/fXQXmlCm1Oz2Z+jZDnCp2TehC0OWq1a2xzkVWtJxI4rYtcEVuoQgz6vEZxDk+IQJtjwajXAkH1q4wG3j8qjWH5gcV3UU5O7Pgc4zJVZWTNvSZMKprbt5sLxXO6b8oANaTSiKzkdn2jbgE+te9Qu7I+ddVzkorct/aGvb6OHz/ACIGOZZB/BGOWbPsAa+ePjB46fxl8QZNRGTo+jfuNKtSflCKflJHckjca7H41+LJNC0H7BZTf6RqNu6O2eUQ8HH1Ga8RhbFnHGPu8t+Jr1qdkrHbyuMbGjo9hqXiTxFFY2qtNeXsvU/qx9ABX0t8PfCOneENDWysUDzuAbm5I+aVv6D0FcZ+y54cW20O48TXMeZrtjDakj7sYPzEfU/yr1Uj2r5XOMdKtVdGL91fiz7nIMtjRoKvNe9LbyX/AASvJ93gU1kkbYqxMWb7uFOW+nrViMhLhJCgfY4JRhw2D0Psa98tL99VsdF8QWunWsWtSeE759Lgt4RhZUmAARe5CZx361jg8Oq11zWtb8z0cdiXQ5fdunfr5X/rsfOs/meZ+8zuHBDcH6VHJDIgUvE6hhlSykBvcete1eOtPM09tfatpGmyX154dtbnXftBEU8DCcAzRqP4ymNw7it34hLrEsXiCS60mGaHR9bsT4Ujkt12TZIHlx/30ZSM9q744LfX8Pnr/W5wvHpuPu7+fotPv+7U+eJoJoG2zRPGSMgOpU4/Gm45r2H9pJdXh8N6LZeI7eW41dLiWa4vxbbIYQ4BFqj4+YLjNeQd+lY4il7KfLc6sLW9tTU7FfVL2203Tbi/u32wW0ZkkPsK+d/G3i3xB4u1CSQNOlmrYitoiQqjtnHU1638epJV+GmoCIH5njD4/u7xn+lcV+zPaaTqmrX2kalpUOoS3AV7RJL17fDrknDKOflz19K+i4VymGYYnklfq9LNpRV3u0vx2PA4jzCeHiorbS/zduh5qLO7ZgqwuWJxgDk026guLaQpPE8bAkEMCDkdRX09D4Q8Ead8QdBtta0u00GynSSRrpb1riORgCFVywGPmAP415j+0daWUel6HcWyxNJvlilnjbJuMYIdvfnGe+K7c8hg8tzGGChJyco3TaVt3po2uj6nLQyzFVsHPFpe7FJvXWzdk/v36o8pYkck/hmkyB2pJAd/8qQ1yNnni7h6UoYelNp2RilcB4YbcAU5VDjOOntUY+tBJ8wL+dWpdxEmxTyflpjqN3C/jTm9KZ/EfrQAbV9KFwvGKurp8stqtxBiXkh41+8mO59qqMMSbeuKuUJRSbWjGSEZjyfSrWoWOoaLNaSSMYZLm3S6geJ+djdDkdDxWn4OHhltQ07+1XuATMouFdR5OPMAOT127CfoRXpnim18LHwXa/2uw+wxw2e2SEgyrHmdAVPUjO3NdssFFYOddyTtbRO7+a/rU7cFg3iea0kmu434J+MZ9fhk0jVJN99ax745T1nj6HP+0OPqK9HhSvnv4GeaPidpwiyQfNDkd12HP9K+irVflHFfMV4KFTQ9bA1pVaSct0XtJs7i7mWC1t5Z5W6RxIWY/gK0LrT7ywm8m9s57aTqEmjKE/ga674CeMIPC+rS2d6gjtdQZQ91EoE0TDgDeeiEnn866v8AaE8TxyK3hZR9pkjZXleaRbjyDwVMMw5wwJBU1rCnB0+a+o5V6qrqmoadzzbSfCfiTWLP7XpWh3t5BuK+ZFESufQGn3Hw+8cLGznwrqeFGTiDtX0B8K1ur74S+G20G6KzWhmiuVSQKoJSQfOP94of1q/HY+KttqVN3Ggm3RB5xut23RE+Zz8yECYd+oroWFhKKd2cM8yqRqOKS0Z8fX0bBmV1KspwQeCCPWsDxJplnqenTWF/As1vMMMp7e4PYj1r1T9oA6Q/xQ1Y6RHsT7Q/nkNlHk3Ell9AQRx6g15/eR5ryqq5JtJ7HtU37WmpNbrY+avHXh248N65JYTsZIXG+3mI/wBYn+I6Gup+BGrWLXl54S1yQDTfECLauzf8u0//AC73I9CrkK3qjmu0+MGgDWPCM7Rpm6sQZ4CBycfeX8R/IV4VHI0TCaNyrDuPSvTw1b2tPXfqfNZhhFRqcv2XsdXfWdxY6hPY3UZjntpWilU/wspwR+YpqjHWr2tak2t3ceqzf8fNzbxm75HMoXazf8Cxu/GqTHBFebWhyVHE+Xqe7Jpl+14Aq9DJtWs+1OFqZm4zXn1I3Z0QbsXFuAG61M12u3Gaw7idlbrVWe6kxwaFhuY1lFtHSx3A9RVuxukWQZYVxH22bs5FSRX8ofJc1UsC2tzinRUkev6TdxtEAprasWDY5/KvMPDOs5ChmrsdK1EYGH/I183isHKlM82tRcDtrJAe9XtgKcisLR79SoDNWzFcoy5Br0sNT5opo86o7Fe5tg7fd5zWZqmniWI4T5q3eGOc0k0autenGkraowjW1szyvxRo+0Mwj+vFcPqtoY5DxjFe36/YLLG3Bz9K838W6ZsLEJWSjKjPyPSw+L9naL2OGk4NANSX0RjkNQZr0I6o9FWauh+7NI5+Wm5prNiqS1KS1I5c5qrM5HFTyODUEi5rogjop6EJlINCzGmyrTQK2sjtjUaROsvHWnLKR1NVwMUtTyov2zLYmpGmPaoBmhqXs0T7Zsswyktya1LKTPFYcZIYGtKyk6VlUpo3pnTaW2SK6LT5dq/hXJ6ZNjHNbVtcYXr2rCVO5s2OZAD71NCQFwetJMOce3FQM5DbQetdFz82jeSL8B3f1qxGgFUbd8Ec81Yjnweec1DlYmpSmy7HvX5t9Ek25cZ/OofM3Jw3NRbWOTU+0Rzeyk1qOlnIXG7n+VV5JWK8n8ac0ZYYP41A8MpbK9B0GamVmjvwdoz1Y5kZ14NEdtIV3U+1R2kCEfWti1sXcDg89K8uvZM+rwuLULJs52S1Z3wFo+wSKuScV1v9lqEyRg1VubLavTNc8K7i7H0+DzCOlmYenxSCQDPeuw8PQ7dmRWPDAPMAArpNFUeWueorplVjJH0uGqqodRpSAqK1YwoXmsbTZAFAH61fNxtrlle57cOVxE1BFI6VlTSeXxnpVy+ulEZJNc1qd98xKGqcXKJwY+MXTaNy1mB71rabLuYc1wtlrADYY1vaRqkW8YalFaWPyvNqHvNo9I0aUeTnPStiG6Arh9K1VAgAeuisJ/NjyG61z1VynycoPmtY0b2TfyPSuZ8QNhWraurjauB0rnvEEiujZrnjudNGndnA+Kud5znFcJqk0jzbCe/Su58Rqw3Zri7yDNwTjoa9Ci1fU9yg5U9h2lq24d66OyVtg4rP0SBeDW/bwA4xQ+VvYdTG1npzDIY89TT5FwOKtLEqr0ojt/MbjpXVSd2kcntm2FjG8mAtaOrWMYtoIrkMd3zAbsD8ak0W3ZrhQF71B8T7hrbXLe1L7RHbqcfXJr6PD0Pc5mdmX3jiFO17X8/I+e/2irhJPHzWcbAJbRog9uM/1rjFydqKMnoo963/AIm3CN8Qrx7mIykSDPzYPHasnwvGLrxVp8JHE17EuPYuK678sGz1eVzqKPdn1t4P06PSfCOmaXGuBa2iIcf3sZJ/MmtArSQtksPelNfCWbk2z9TjFRgorZELg9asQ6rqsDWph1C5jNgxNoVkIMBPJ2emTUT896ZtzXRC62MaiT3H6tf3upXT3upXc91dSY3TSvuYj0Jp9xreuTWdtazateSQWRDW0bTMVhI6FR2xUDJxSbO1dUXLucrjF2VtifWte17VbcW+p6xe3kKtvEc8zOob1we/NZLg9auMnFRSJ1qpXerKjFLRIx/EWmwavot1pl2v7q6iaNyByM9CPcHB/CvnDxBpeteD9aksbtXibdmOZchJh2ZT/nFfUMiCqepadZX9ube/tIbqE9UlQMP16V15fmNfA1eelJp907NejRw5hlsMZFa2aPlyTVr50VWuHIU5ALEjNQX19c3aqLidmCnKqTwD64r6Qb4feC2fJ8O2ufQZA/nTl+Hvgr/oXLX9f8a9HEZ7PEyUq8pTa7u/5s8n+w68dFNfifMrYPU800L719P/APCvvBe3jw1Z/wDfJpD8PPBnUeG7P/vk1CzClLozCWUVo/aR8whD607b/tV9Mt4A8HDp4cs/++TUMvgTwgp/5Fyz/wC+K0WLpvoznlgakeqPm1VwM5pFXa3zHk19GSeC/CQ4Hh6z/wC+DUJ8IeFByPD9n/3xWn1iHYweHkup8+j0JqNsdfzr6E/4RTwr0/sCz/7905fCnhb/AKAFl/37oeIj2HHDyfU+e0lYLgN27GlBjEvzOWUr1Xsce/vX0OnhPwsMEeH7H/v0Kmj8MeGug0Gw/wC/AqPrS7GscFJ9T5xUjbnIrS1fVrzV7XTbSVVb+z7YWsAjX5mTcSMgdTzX0JD4Y8O9tBsP+/C1e0/RNJtHElppdpCw6MkKg/nR9etFxS3No4Geq5tGcJ8BPBl1pW/XdUhMVzNHst4W+9Gh6sfQmvVreM1HbxfNk1ehTFcE5Ocrs9WhTjSgorYmt0Iq4gZjkkk+9QQirKketJG9ye2vb6zVltLy4tw33vKkK5+uKZcavrGDnVr7n/p4f/GmSHiqs7A8UpSZcYxerRn3gLZJJJJ5JrMuRzg1q3J61m3VYSN0jLvQNuGHB4I9RXzX4psRpviK/wBPxxb3Dqv+7nI/QivpbUPu14L8ZoRB8QrpgP8AXRxyfmuP6V05fL940eVnEL0Yy7P8zJ8JSFpJoSf4AR+BrXYfNg1g+FWxrar/AHkYfpXRMmW6U8YrVfkfCY5WqXJrU8VK7cVHAp28U6QErmvOerM6U1Yo3p+aqbNmrGoZBqiG5rspx90673Qrdcikpu75qfmtjmadyW1nkhkBUkVuadrs0OPmNYAxSFyD1rGpRhU3RlOPOrHo2g+JmZlUnv6122g6sZ8An8jXhtjdtG4IJrtPCus/dBeuWnh1RlpseBjsLOm+aOx7FZzhlBzVxWyP8K5HQdSEqD5q6K0nBXG6uqUNDz1G6uia6QOvSuV8V6YssLMEzXVPIvrWfqBR1INc84Jqx0RV1Zni3ibTTFIw24rl7gGN9pr1XxrYL8zhcg9K8z8QQ+XITjoanCyafIz1cvquXuPdFPfxUcjZqPfnvTga9Dlsety2CkbpSM1R7qtFpDZBSbafkGhfarVy7tDVTNL5ZqVFp+2toxuS5lcqRUbHFW2XNV5Eq+QqMhsRq/agnoKqWsRL1s6dalsHBrKokdVNt7FnTlkyOK2rcPt6U3S7IkDitmC0O3G3tXPKx0atFCe5HrVcTqZOTVOScVCZctnpR0PjaeDtubUMuSfm4NTCVQoJOaxrefAwTV6CVSwOea56iZ0/VklojUt2DfxVNGzKrdPrVS3ZcYzUzSjaNprDY4alFtjsuz8ZNWre2dwGHft6VRjlxJW5prJsGTmpk2YSi4bFjT9OAkGRknmt21tQoAx0FZ+nzANgt0rVguIyuNwrkqRux05SI7q2HXFUmtslgelacsse3lqpySop5IrlnTvse1gcTKDVyjLahDkCr+k4jA3dKhaQON3FRSTcgKeKyaaPs8Di5XVmdGsyjBU0+a8Cr17VgW9zIBzRJdnnNaRkfT08arblm/u2fhc1jX285NPe66nNVpJfN6810RnpY48fjUo2TMy5lkjbIHerem6gQ3AOaS4i3DGKSO0ZW3KKtwVj43FVI1E0zqtCvzxlmrtdC1VRGAWry+1meEjctbWn6ttXGf1rmq0+54bw3Mz0i4v0K53cVh6veBgeawf7YLrt3VTvL9m/i/WudRS2NKWF5XqJrcofPPauTvP9aceta99cgqTmsVj5snA710U0dslaJo6K+04ro7Ft3GK53SYzvANdNp6YjBFTLRnl1mTk4Xmrml2/mYVR1qlcHbwK2vDKjAyea7cFHmqI5Oa2p0PhjS1EwYrXA/HYNH8R5VHIS2hwP+A16xoICbQa8w+NFtcXXxNuUhhZ8wQ8gcfdr7SNPlpHsZXWi6lutj5j+KBEnjrUpD1+0Efhiqnw958d6MD/AM/8X/oYrQ+KFncR+NtUJT5Yrj58HpxiszwIdvjfRz/0/wAP/oYrnnF+xl8z3KEr1oPzX5n17an5m+tT5Xaeue1V7cfMw96nr43l1P0tS0EYccevWhVI5xS4yufepIweB2raMTCbG7M9qXy6sKnSnqldMYmNyi0XtUEsZArTdKgmjHNU4lRaM10wajKVckSoWXHWspRNUyJUxUqKDxSbTinp61HKJkiRjHSpPKQ9eOOKSOpFFXFM5atrEEkI9KqXEI54rRkHvVe4X2rspnl1jHuogO1UpkA4xWtdR1RmT1rpieZU3KJQZ4FKqVMyZpUSnYiLEjjqyuXVFYDCdMDBpI05qxClTI64MIohxx+NWI4x6U6FD6VPGgrM6YsSOPvViMYpqrxVzSUhkv4kuSRFk5wM5wOBQo3ZfNZDI+KlUOU8zY2zON2OKffQxRTMFUx/KDs3bgD9e4pPteLVYBGAAckgnk461TjZ6lKV0mNZgVJz0qpM/apCyhW3An0qvLuaNmC5C9T6VjI6Ila6JVipHNULhhu6mrNw2Rmqd4ybv3QYDHO7uaxkzeJQ1DBUkV4j8fFC+NoiP47KM/qwr2y85FeLftCDHi+zb+9Yj/0Jq2wL/fo4c2X+yv1RyXhtsa5bLx988/VTXWpHmsX4e2Wm3d1dS3lz5NxbIHtF3Y81/T3rpIomHVa2zT3ZRfdHwmMjz7LYiVSuKVl+WpmTtioZDjvXlxdzzorlM7UEzmsyRdrYrYvOlZlyK7aUtDtpyuiuV70macT1pgGTmuhBJEi8ijYT1FSW6561Zjh3dBWcpWMHdFNUI6Ve0+4eGQEGgQj0pfKwOKzlJSIlHnVmdx4T1bO3c3SvQdJvEdAN1eH6bdNbTDniu68N60pVQXx71n7SS0Z4eIwToybitGeiST4HWqF7c4HJ4qguoCSIYYVSvrwd2H0zUSncz0S0IPENwDEwJyMV5t4oClmNdbr1+u1lz07VxGuXAdjzTpwfMmduChLmuzFPDGk8yo5H+am7s16fKe8okjvmmbqYxo6VSRaQ8Gnq2KhDU5aqKBxLUbcU8PUEfSnZ4rphEwcSRmFRvzTWbFIrZarkNRsX9Mjy34102k23TisLR1ziuu0SLJWuKozvw8dDZ0iz+UcfpW3b2I2/d7U3RbfKLxXRWlsPL5FcjuehGnoeFxqzYzUmz0rX/sW6iOHhb8qbNp8qr9w/lU+1R59TKa8X70bGaoGORT1coeKleEq21hiomjx07VV0zz6mHnBlmG5Yc5q1FchjycVlqzKeaGkzwDUumjmnSTNpXVmH931FX7WYhQVOawLOQhcZzir0dww7Vm46nn1MO2b1vdujfNV6O/wOTg49a52GfPOadLcAx/fxWMqVx0sK5O1jcm1XGfnqI6qGXg1yl5eyq21fm96S0uZS2SfrWboo9illvKrnY298ZBgHrWlZRGXBzXPaGfMbOK67R1G0EiuOrCOyO6NSVAljtDt6VBeWuO1bMaZpZoAVxjP4VxSjZnVHFSktDjb2Eq+Ae9FpEzNtrZvrH95uwajt7cLIOK6aMkzKvWm46iWtjvAyM1cXTgB2rRs4AIhUrxgLwK9BJLc8eVTUwbyzULWPdMbeTpXV3cfyniud1yDKtxjFROmpG1OxXS/jK53c/WoZr1mPDVj/ADiQgk4q3ZxE4OK53RSN5WiiWYvL3NPiUr1HNW7W3JP3auLZ5XkUW0OGpVbG6SMMCTXSaeyrDWLb2rKwI6Vr2aHaoNZSRw1dUSTZbntWv4ffEqqKoNDnHFbfhyzPmKWFehllvankYxy5UonaaDGZdua88+M15PYfEiVYgnzWsLAkf7NepaBEqRjFeUftC/L8S8j+Kxh/rX2bnenoerktNxq69j5k+Kl9cDx/rEcirtlmIcAdcgHNYnhH5fFmlt6X0P8A6GK1viwAnxF1IkdZFI/FBWR4bOzxHp7/AN27iP8A4+K5nd038z6uhZTj8j7Et1GGOTu3dPapcfLimwj5m+tOavk+Q/RVLQVRT46q3t1b2VnLd3UqxQQqXd2PAFeO+MPi1q13dvB4fC2lsGwkjLukf356V2YbCVKz91HHjMdSw6Tmz3JQ390/lUnzYxtbP0r5fm8b+LZWLP4hvfwfFRN4v8UNk/8ACQah/wB/jXoxy2a3aPIlnNNvSLPqOTf/AHGqGUP2Q/lXy63irxMeuvagf+25preJfELfe1y//wC/7VX9nS7iWcQX2WfTksbn+E1E0T55U18ynxBrrddZvj/23akbWtYbrqt6f+27f41H9ly/mNFnkP5GfTJjf+7ilVGHp+dfMb6pqhyTqd59PPbn9ajfUtSP/MQuv+/7f40v7Jf8w/7dj/J+J9RLnuR+Yp+4D+Jf++hXy19v1A/8v1z/AN/m/wAaT7Xeng3dx+Mzf41Sypr7X4GM85UvsfifUrSoP+Wkf/fYqCaWLvNF/wB9ivl6Se6J5uZ/+/h/xpjSzHrNL+LmtY5e19o5J5hzfZPpmaSHn/SIc8ceYKp3EtupIa5gBHBBkWvnHzJd3Er/APfRpGZ2YlnYk9SWPJrT6l/eOWWIb6H0QbmyHH2u1z6+cvH60n2qwHW/tf8Av8v+NfO4B9T+dG31P60fU/7xKrNdD6MjvtOHXULT/v8AL/jU0epaYP8AmJ2f/f8AX/GvmzZ81JtFH1K/2jaOLa6H00uraSvXVbL/AL/r/jTxrejDrrFj/wB/1r5i2jb0pNozyKn6iv5jT6819k+nxr+hjrrViP8AtutOg8S6DFMr/wBuWA28/wCvFfLu0elIcelNYGK+0H1+X8p9Rt4n8OKu5tdsXXJAHngfjUD+K/DS9desP+/wr5jwB2FS77cWTRG2/fFwRLu6L6YpvBRf2gWYTX2T6Sbxf4Y5H9v2H/f2o4/E2gz5EGt2bdjiYCvmzJ2bONuc9O9JgdO1Q8vi18RrHNJr7KPpyRw6BkYMrdCDkH6VVm69a8V+HPjC88P6jHBczPNpsrATRMc+Xn+JfTH617U+0qGUhlYAqR3B6GvIxdCVGVn1PawWKhiI3W63KN9Xjf7RC48S6e396zP/AKGa9mvBxXj37Ry41rS29bVx/wCP/wD16MD/AB0Rm1vqkvl+Zw3h3/kYLL/r5QfrXrTWKHIxXkegEjXrE/8ATzH/AOhCvbZE2yke9Gcr3ofM8vK8DHEwqXW1v1Ofv7Qxt0NZl4MV1GpIDHkiuc1QANkV5dGT5rM8LNstdBtpGRe5281mXTZ6Vo3jfKRms2b71erRWh49N2IwcrQtNJpM4NdNjbdF22wavQgVmW74PBrRtXDDk1y1UZk2BTSMU4sO1NZhisVcdtSGYU+x1B4JAu7Hoagmk96ozP8ANW8afMtQklI7XT9cbbgydvWlutZznnNcTHcvHwDx6UNfMepo+ru5yvBQ3SNzVNSLZOa5++uC5PNRzTs3eq7Ek1006Vtzso0FAQk5pVoC04CtzobExSEVIopzJxnFK4kQKKctKwppzWkSmiZXApTID3qDdSV1RehHKiVjnvRGfmqLmnwklqmWwWsb+ifw5rs/D+NwrjdFHC8V2Ph/7y1w1Duw+yO30UqFWuhtWXbXOaPjatb1t9z8K51uektjQ1LSbaSPiJenpXKavpUablKDH0rvLg7EOR1Fczrrrls181g8RLuftWfZPTcXJRPPde05YwXQcVgTLjINdn4gdPLauIvpMTNt9a92m+ZXPx/OMCqU9iOZPTpUaqN2RTw4wBSFl7V0I+VqUrMnt8jnA5NWoSRVCCT58VpWkbMM4qZHLOnbVjoyzHaKlaBivAq1Y2hPJrTtbRNwBXp1rnqVUjXD2T0Rhxac0jYKVYi0dlOcV1ENku3IA5qZrMbgNtcsq50yrTRm6DZYIHYda6zS7XooBxVLTbTZIMrgGuq0e3TCgDmuOcrtsLuq0ixpWkeYgY9K1Y9ETH3a1NLgRIVGO1aXlqsea86UnJn1uCy6nTgrrU4nVNFVWJA/SsS604xvyleiXsSsDxWBrECiMnFa024u48ZgYSptpHNqjJDgnpRn5etTSMMEVVmmVc16tOpdHxeJw/JLQbc8qTmsHWh+7Iq9fXgVSM8Vg6heb8gGrczKmrGZ5QaYnHetKxt8gcVUhI3ZNbOlqDipvcKs2W7O2VVyauxQBv4aS3jJar1vEegqTikyOK2x2q1bW5HarEUWO1Wo1TbyKwnI55sgWL5lzXS6PDiNdvpWPGFDAjpXRaLh1UCrw1bkmc/s+fQ6DScqg9q8k/aOJX4hQserafEf/Hmr2XSoOBXjv7UaGLx5YH+9p6/+htX1WFqyktT2MDS5KiPmP4uA/wDCwNQGevltn/gArD0dtusWjelzGf8Ax4VufF7j4gXPzY3xRHJ/3BXP2bbb6Fv7syH/AMeFdi+FntU90fZ0P3mIomOKht3yob1AP6UXElfN8p9wq2h55+0lqctt4XstOicqL6YmT3VB0/MivGFYjp26V6h+005LaKM/wy/zWvK1Yjn3r6PL4qNBHyuZ1HPEskYj73XPUUA800nPJ611Hg3wD4j8Q2/2qy0m8uIPNEOYIi3zkFgvsSAT+Fdtm2cPNocxn1pMj1r2zwh8IdB1uxt7mG8vN0sVq7WyQeZK2+RoZNvIGVdRwexqn4m+C4t9DvL/AE67e4ePxAdGsYI4iHvG25LKp6EHAIrKlKNaCnF6a/hdP7mmaVIunPllv/X+Z5B357Uq5q54g0e+0a8kt72JlMchjfIxtYHBVh2IIqhnnrVWa3JuS7gV68+mKFGaYDmrWm2s95dxWttC800zhI40GWZieABTGRquelPxjqR+dfTvwm/Zz8P6TZ2+rfFfUJIZJoGuY9MhDYWNSu4yMO43DIFewXXgrwh4bt57TTvAmiSw2xuFaV7AzupVUeHIHUMrkfUVDlFNLuJvR2PgKRCO+fpTEVfNUSZ2d8da+1/FXw8+F/irxRrumal4WtdHttB0a2ur7U9KLI8NxKCxQKOGUKM8jNfPv7Q/wQ1/4ZXCX6yf2noF0wFvqMS42k8hJR/CxHQ9DVaPYSkeTkUmMc09hjikosVcRc5zUhTH8WR2re+Gng7W/G/iq30DQrYzXM5yWP3Yl7sx7AV9efC34L/DnwNqUOla1p02s65K8ETXk8QaCNpg+woM8ANGwz64odkS2fFIs7gpvWCUr6iM4/OoWQ1+jFpb6lutEttItPsTSW8bmPT4mSPaXW4EnfHyDkcjdXnreCPAnxP8OSan4g8PRWLax4gubDRdQ0qERPHGpZY2kxwwJRuSOeKUZxlFMTk4yaPiZsj6U3Feh/H74Ua98L/EgstRAutPucmx1CNcJOo7H+647rXnjcCm0y4yT1Eam0Ma1fC+kJqFzG95KYLQyBWcDJxnkgd8VKVxmXEjO2AjN9BmnyQyqpLwOB6lTX0Evgaw8Fap9ijntdWivRdQCN7baPNtjHMo68h0x/30RXReHbX4feJdctZbO0sJ9P0dNR1K/hW2aIrbBWMUbno43FcHqOlKElKrOk942+afX7018hyVoRmtnf8AD+kfKzAUleh+OfBtjF4b0TWbO6Vm1qCWXaI9vkOkhQxn+9259688uI5IJ2hlXa6HBBqpRsJNCH6V774DuGuvA+kzMcsbVVJ9dvH9K8BzxXuHwpk3fDzTf9lXH/j5ryc0X7uL8z2Mml++kvL9Tau/WvIf2kB/p+kN/wBMZR/48K9dujXk37SA/eaO3tKP/Qa8/BL99E9LNHfDS+X5o850Y41qzPpcR/8AoQr3y4hzIzAY5NeA6YcapbHPSZP/AEIV9FSKArE+tPN4czh8zXheKlCtfy/UwtTjwhrl9XGM112pjOea5jXlwpNefGj9o584pqUWcveH5sVTmqxev++aqczZr0qcdEfnrhabRXmbBpFY0knPWmdOldSWh0KOhaherdvPsWs1WxUqSVlOFzOUDU+0jpmmtPletZ/me9L5nvWfskTysmmlPrVctlqJGJqJSd1axjZFRjoStULU9iQKatUio6Cbc0bOamjXNSeX7UnITnYgWPilKH0q1HH7U7yvm6VPOR7TUqKmKfjtVow4XpUDpjtSUrno04KxA681GU4qY9aaeldNMKsbRGJEDUqwZ7U6E1ajGa7oq6POnUaK32ekWHDVdI4pirlulU4Ij2jNHR0xtrrtBX5hXM6Sn3a6vQl+YV59aNj1MLK6Ov0cfKtbtr/q6xdIHyrW3a/crkiestjf1txFF25FcTrlxkHn8q0NW1yOdcE9q5nVrgyZ2818lgouy0P6AzvNMNCLVzD8QXBdWC1ytwjtISc10t9BJI3I61SksmbqK9+nWjFctz8RzrGxrVWzG2kLUeSetaM9oytjFRraZ5YV1xmmfK1JxbuQ2ke5gTW5pa7MelULWJRx3rRteGAAqKjMJR5kbtjDuwRzV6GLa3Iqhp7tGqmtFZ1LA5ry6snc6sPh+VGpZRr5fI5q7Hb7mDHpWbp86/xNWhHcruxniuXW5FeDWyL0SJwcCtWxIVlIP1rAjukDbelXrW8GPlNW43icuHqNVFc7axnO0c1peeDGDXH2Oo4QAtWpb6kpUAvXL7I/QcJXjOK1NiRxtJJrB8QShbduanuNShRT82TXOa/qQkyCcVqoWN8VWpxptdTKv7grk7qxb2/YcE03WLs8hTmsC6uHZsZq4pnyWJoKSLN9eszfeqmrlm9ai8syNyTViGIjjFbxeh41WKpscu8sCBWxpZK7aq2cDMw+Xitaytz3GKtHHOVzZ01dyitSOLCjisyxyOAa1rdiVFTJnJU8ixEhK0TAqOKerfLwKjuM965JS1OZt3EtzmTaK6vw4ihQSa5axjw2T3roNLmKYAP1rvwOFdWVzKWIhSep22myqiivGv2rmDeM9LcZ50/H5SGvUdPldlHNeV/tQhv+Em0dj3sm/wDQzX1VDDumrnp4DF+0rqJ8zfGJC3jp+fvW8RH/AHzXLI2Jlb0YfzrrPjUoXxkrDPNpCf0NcfJweK1WzPoIH2TYvmzibP3o1P8A46KbcS8daqaTODpFq2fvW8Z/8dFE0ua+d9oj6eNW6PNf2lG40Vs9ph/6DXlobPOa9N/aNfMGjn0aX/2WvMFNfRYB3w8f66ng42V68jsPhH4SvvF3iIWdikLzbHaJJZAgcqpYgE9TgcCvVbS98V/CVkt7u2t5F1OS2vodk5ZUe3k3FTjo3JVh6EVxXwvs/EelaLB4u0WwleLSHEstzsDJGx67h3GGGfTNW/G3jHWvFa2Q1iWGT7BGY4vLjCbs4yzY6scDJ9q9FLTY5LmlJqV5c+AW1KyuJrWfTtXfd5MhUrFP+8UZHYSRn8TXW/G/Ubzw34e8B+HhcSNf6faDWbx3cljczMHBY9c7QBXN/AWwTXvFUvhm4Vmt9USMybRnaYpUcH8gw/4FVX49eIY/E/xc1zVbds2puTBa9sRRjYox24Fefg4uFWtTeyldekld/wDk3MdWIlzRpzXa3zWn5WHaRok/xO8Ya5Mbi1sZbpZr94pgxRiWLFQw+716mvHtUtWsb57duR1QnuK9K8DeIdf0DVmbw5fm0uL5Psr/AHdsisR8rbuMZx1rnvjT4c1Tw1rcdjrVusF4igsEcMrKw3KVI4I613SV0c3McjHzxX05+w54Js7PR9R+Kut6fJeQ6Y3lWEKqCc5G+UA9duf518xwct1r9Bv2dbvQfDvwO8F6BfMqya1ZB1QplZGkc/e+pIH4isqmiHfQ7XRb3RPG9vO8lnIVtA8I8xvvxzJgkY9QCCDyCKx/jJ4pvfAtu2sWCRN9rezjYTcqQJ1if8fLkH5V2lhaWdl5gtLWGDznLyCNQu5j3OO9eW/toaXJq/wVkgt7gQXQv4FgcnuzgEflz/wGuWpsn2/p/gVT1du5o/s/2keu+E/EXiXUIvMXxhqtzMVb+K2GYY1+mxf1re+JDaPJYaf4S1eyt7yx8QN9ge3ml2uU2/eTPUqMH144rV8E6RF4d8H6ZocG3Zp9pHDlehIXk/ic1Z1eSGKyku5bUXH2dS6qFBbP+znoa0u7kH5u/GjwddeA/iTqvha5Jk+wzHyJSP8AWxNyj/ipH45rlolLNhQTgZNfQv8AwUANhqXiLwr4ssEZU1jSDncMMfLkIGfcZI/Cvn21Y/aAFbG47SfY11bq4ru59mfss+G2+G3wTs/GH9kfbdS8QTBp8Z8yKAhvLCjHOSBn617X4SurbxDo8Os3NhCtw0hXcoyG8tzsZSecc7h6ZNZXhXxBp+n6po/gdLWRJF0mGSGQY2YWJWxj0xnn1GPSusBVRhQFA7AcVzN3KZxHxQ19vCnw98ZXER/fQoZLNR1L3ChVA/7abq1fh7oVl4b+G/h/QrvyQbC3hVTKQP3+M5Gf4txP51xP7Stlqup6v4Z0zR7F7ua9vFeSJjthl8hvNRXbsN3Xvir3h34d6tq+u23if4lay2qahbyCa0021Yx2Vgw5G1R99h/eNZ09muz/AOCOe6fcl+L3h6P4ix658P7+BTD/AGct1ZXLW7KYLvP7spIflbuGA5wa/PTV7S4sdQnsrqMxz20jRSof4WUkEfmDX6beOfEJ8Pabb3nkLOJblImQybWwxAJX1I649BXwL+1tp8OmftEeK7WDAjOoGQAdAXUMf1JrphqrERdmedWsTXF5HAOsjBa+hfhb4P8AAOs+Ao5tQu2tdQjjuYpQ96EC7NpWVVPXAb7vfn0rwbwkqP4jtxK21MnLDt716x8avCNj4N8QWdnp9+11DeWa3A8wgsnzEc44wQAw+uK0iim9DG8P65eWviLT7+5upZltbpJWDuWBHAbr6qMfQCvQrHTj4P8Ag/46vcbZdU1RNDs2/vQhvNcj227K8jY/Ke9e2/ETSNc8WfCPw2vhQx6xa6ZaPfajFbkfafMYKjSeX1YDYVOMkEH1Fcso8uNhPpJNfNax/DmNua+GkuzT+T0f6HkugvHJrmnW1/Khs1ul3pOzeUisw3EgcgHviq/7RmmaLa+Or6Xw61q+nxyIsbWsu+IqVGSpPON2eD0zVSQkMVYEEHBBGCD6V0XxH8P6La/A/SdetJMX947x3SfaRIGAGQwXqhBBBH/667GuhhfqeSAmvafg/Jn4e2Yz915B/wCPGvEd1ewfB2f/AIoWFSfuzSfzrxs0j+5XqevlErV36f5HXTtnvXlv7Rw/0fSG/wBuUfoteltIGrzb9otS2m6U4/57SDH/AAEV5uDX76J6mYyvh5f11PL7HAvoTnpIp/UV9GS5MWfxr5xhXbcRk/3h/OvpBdpt1PYqD+lduOp3auTw7Vcfa/L9TIvgTmuX8SMFjaup1Z1RTXC+KLvdIUWuRU0ojzaqrM528JaYkVXYGrJRmPIpGi74rSOiPiJxfM2UJFNRtmrrxe1V5I+a0jIrYhFPBo24pjHHFVuD1H7qfHlqhjBLVctwAvSploZz0Q3y8jmk8vHaraD2oZQay5zH2hTZaaq1akTHQVFtw3NUpXLUrofDVhVB7VWXirVtzUTManclijqxHCD0pYEzircEPNYtNmEKlpoqtDxVS6hPXFbht8jpVa6g9RURuj3KNVWsc7PGV7VCx7Vr3MGe1UZLdg3Su6jM0qSTiMt6tw8CoIY2HarUaHGa9OnJHj1E7jic0ijLCl2n0p0K/vK0ckZKDZraWAMV1OhLkrXMaeMEV1Og5OK82uz2sLGyOv0n7g+lbNv93r2rI0lf3YrXh4WuOJ6y2OVt4vMXJ5qVrZQv3aZZyqqgVcVkdea+VrVnD3Yn0GYZorNtmVLah88c1WmtRjkVtqoGf0qtKoK5NXQlLqfnmNzBc71OemtRuPGfwqrNbhWxW5cKByKy7zHr9a9mhJs8+niHKSRRWPa+TVm14brUDOM9aI5dpyK6nG6PYoq+5r28wAwTUr3IVcg81ji5xSNOW/irF0E9z2aEVY3re+AO7d+FXV1E8HIrkln2yZ3dKsx3yn5Sa5qmGszPEU10Ost7wyNgnmtC1mKY+bOa5SyuQWGG/WtBbzav3v1rnlG2h4kaEvaXR00d9sXO6p49QcrndXL292W5PFaFvNletY7M93D86SNW51FgvL1lahqBbNR3kvHLVm3DFm46VtGF1qexSoqSvJkd3K0nNUWhd36VsabaedyV4HtWnDpO9h8lYzrJOyPOxlaELowrG0kZsBa1LewY9Frf03R8Nyv41s2ujqOQv6U4yXU+RxmKjzHN2NkEXBHNalnpwb5iK1f7NCyZK1et7ToAK2UlY8upiOxkx2DK3Aq7b2jDtWtDaYH3atrbLtB21nUloY+3bMlINvWorqHPWtuWEY4WqU1sWrglLUhz6mdHu3BVFbukWrgAkZ9ai0vTt0gJWur0qwwo4r63KuVRR5Xsp1qrlLYNMh+7kV5v+0vpst34g0fyiqqllIZHbO1F39Sa9egthH1FeG/tyazqWh6JpV5pd7cWrTI1tOYGw0kZdSV59wK+mjyW97Y97LqcoVk476/kfOfxwh8vxdEsqkH7DH+eWArhpO4xXV+Jjfa3cae9/dvJcvZkLLO+Wba77VJ9cYFco/8AFmuVxSvba59VTk2tdz6r0Gbd4d085+9aRf8AoAqSSUjpVXwv8/hLS2B62UX/AKAKnkU5/nXxsm7tHpRxB53+0I26z0s/9NJP5CvM+g616Z8fwf7J0xv+m7j/AMdrzBTX1WVNvCxfr+ZxYiXNUbPZ/hH461PSfhzf+GbDTlvTrcRiU4LPExUo21R1yv8AKuckilhkaKWNo5I2KsjrtZSOoIPQ1U+BPiqHwx440++u4GnjtbjzVQNtLEgggH1wcjPHFeg39nc/FX4sX76BHDaTah+9iivJghkKoAQDjG44Jx9a9aLVjDU6j4UwWvw9+GM3xK1RGOoapMLLRLbOPMi3DzpCPTAwD2IBryfVbj7XqlzdksftE7yZbqdzE847812nxI1jXfG1xpkEljFZW+j2SWVtZwH5E2jDMB6sRmuf0nwpqWp61aaTbmJZr2ZYY2dsIGJwMnsKwUqPtHK/vNW+7/hzZ+05OW2hn+H7fUrjURJpdpJcz2im5KpHv2qnzFmH90Y5zVP46eK73xbqtrf38FrDKsKxLHbJtRUQYXA/Gu58O6zqfwk8Y6xp1/ptneSNCbW7Dk4CkZyjcEZDfjXimu3ovtSaRBiNflQe1bSMrjLc/MCa++f2YLvw74i/Z78La7qyxNJ4XjktzK7HFu0bdSPoUIr4CjOK90/Y7+I2naBqOoeB/FFy0Ph7xOoiebdj7JP0V89gRwfwrKom1ca2sfcun3ltf2MN7ZTpPb3CB4pUOQwPcVHrVha6rpctheRh4ZcZ4HykHIYehBANZEhtvBnge3i0+3e8t7PZHDH5oDSb342noeW4HpWzqF3a2Nq1ze3EdvCn35JW2qM+prnauhp21J2Pas7X73Sofs2m6q6EatL9mihdSRKxBO0+nAPNJ4o1T+x/Dd1qy2zXQt4w4ijYAyAkDgnjvmuY+JWt+C7LwXY/EDxCqFdORbvTn3lXMhwQijjOSBkEdqaQHzR/wUQ1CxX4gaL4d0+OOOLR9N5jTohkbdjH0/nXz1Gx3jB/Gtv4neJ77xh421LxHqDZmvrgvjP3F/hUfQYrng3c8V2xjZJGV9T9Evh7448Pv8EPD/j29iDs1hDaTTRRhpVdRsZM+gKk16ErrJGskZ3JIoZT6gjIr4j/AGP/AIn6Lo0s3gLxsEfw7qtws0Ekp+WzuegYnsrdD6fnX2NqV1dW19otrpcUMtrdSbZOCVSBUzuVhx/dA9c1xyjZ2Nb31NSaKKdommQM0EgkjP8AdbBGR+BI/GpMk8Vl65r+l6RqWn2F9ceXcanL5dsu3O48Dn0GSB+NVfHOsalo/wDZslhZ/ao7i9WG6VULOqEcFcd8+uKmwrj4vEmj3PjS78Mtta50+0W9mZ9pVFyBjnkEAg/Q1+d/x515PE3xc8Q65E26O71CQxn/AGAdq/oK+q/2zfippHhPRLrw/oT28niTUoDbz3MQG+2gPUFhzk4HFfE8jbmyTXTSirXJ6i6bcfZdShnPRHG76d69ht/B0t/8JLzxwdSd2srkQfZnUsGjBRchs8Y3jj0rxWQZFdP4V8S3a6S+hTX08VvIwPl+YRHIR03DpketWtGF7o0yRWh4f8R63ol9bXmk6pc2c9mxa3eGQr5ZJycexwMjvWp46m8PP4V8Nx6VZ2sepCzd9UlttwDMWwisD/GApJI/vU7xx4IuPDvhLQtee+juI9ai3mNEI8glQ6qT3yp/Q1XKpW0HzNF7xf4nj+I+saLFd6Rp2m61LP5F/qcGIkvAxAV5E6Bhzlh1zXK/HnR4fCXiLUfD9vctcRI6CCViCXjZQwJxx37Vu+NZPCEXwo8PXVlLaw6xGzpqCJnzJBz8z/8AjuPXNeR67qMupXpmkZtqjagY5wKJPQXUq5PFepfCGfHg4Kf4bh/6V5XkjpXovwplP/CMuM9Llv5CvLzGN6PzPQy6fLXv5Hcxzbm471xP7QAzoWltjkXLj/x2ungmwwJrlvjs2/w3p7f3bo/+gmvNwUf30Weljql6EkeWzY+0Lg96+j7eI/Y4Se8SH/x0V83Sf66PPrX07piiTTbbjrbx/wDoIrux3xo9LhHDqvKqn2X6mDrFt5ikAc1z114beeTdtzXoTWG45IprWGO1ee4s+trZHGp8UTzWbwxIgz5fSsvUNHeP+GvWp7Q7elYuq6ekmf3fX0FTdo+fxvDtPldtDyqezZOCtU5rc+leh6h4elkUlI65zVtIuLfcWiNbQhJrY+EzDByw8n2OTnjxVWQYNat9EQ2MVRkjOa0jc82NRMjhHzVbjGKgjXBqxHg1EiKjJY+RUm2iFamVBisuU5JSsyrIMVA3WrcwAqs2N1UlY1gxuKnt2xUHNS24ywpSHLY17EZwa1LdVCjmsqzOFArQhYnH8qvk0OByUZXLyRqR/hUF5DnNWbVgV9KmEPmHNR7M76VdHPyWxJxikayLLnbXQ/ZV3dKsQ6fv6CqpwaOr2ia3OT+wNnIFONmwHQ1166Uc/d/SmzaXheFrrjdIFZnHrbN3Wljtm39O9dHJp5XPFQ/ZNsmSP0quZ2LUNStY25DDiuo0GEgis+xg5GR3rpNHt+AQK5amx30laxtaaMRitOP7v4VSs0wozVteFrnjuegtjgbW7zjJq9HfYXrXHrflVHNSpqJOG3V40sHqfN4vF1Jo7D7coXk5qndX4Cnaa5uTUj0zUf21z/FVQw3KfPypVKkr30NmW7J71Umm3d6om5JBGf1oj3Sd676ceU78NQUNWSEb24pwXC+tT2dqT71bFiTVyqJHqU8RGLtczADjpTJiVGQK1JbIgciqdxbstKNRXPSo4hPZme0hNIsxDUtyNjdKh3CtWk0buXMaNvcMPunHvWjayyHv1rFtcswVcnNb2nxEKoYda4q0UiUkjSs3+XBGTWlbK5HAxVfT7dDzite3i4AxXny3OilWUSq0JY7SOTU8OnAjkVehtwea0LeBfLyazk5NFVMdZaMg0mwVcADFb9hpwCg461Hp0GdvFdJpdoCoyK5Je6fM5hjL7Mr2unfKpC8VoR2mErRS2xHzS7AicmoVRnzkpuT3Mia3G7BWnww7V6VZkZB1NNSVduCK66croydwSMVIQOgqIyc0LMvQ9at6k2Y9lAWkVNx+6KiklA70+xkV5AK5Zx1Gl0NnSLXOOK6OyhVF/CsnTHVIx61qW8oK8Gvp8v8Adgjrp00iaYHFfO//AAUEQnwLpbc8St/6EtfQ0kgC18+/t8K0/wAP9P2KzFZm6DPda92NdNcp6uDotVIyPl2+TzND0tHO0+S4JPBGJWrEkyc1t6gkx0HSgwbzJEk5bv8AvfesWQfMwq1se1E+qvBMe/wPpDethD/6CKtXKDtUPw/G/wAA6KfXT4v/AEEVculPNfMSpe8zONV3Z5r+0ImPDunN6XTD/wAdryfrXr37Qif8UjZsf4b3+aGvIa+iy1cuGS9R83M7kkILSgDOQeK9U+FHiy+8O3f21GCXBt5IBOE3EK6lW49cHqK848NWF9qeqJaadZXF3cPysUEZdjjrwK6myR4d1vNG8csZKvG6lWQjqCD0NVjJzilY68NCLep658IfF+jeG/G1rrN26zwxxyIcAFo9ykBwD1IOOPrVHxN4p0yPxxd69o0nkob5rm0TaCyfNuAI6fhXnOwkZGfWrmk6RqWoSbbOzmlUOiM+MIjO21dzHhQWOMniuFVJtcqR2uEb3ZF8YvE2p+LtauNTvtqvOFDeWm0EKAFAA6AADivO2XaxWu48TWN5byPaz2k6zJK0JTYT84OCox1OfSuOuonjuXSWNo3VsMrDBB9CD0r08LKcl7x5+IjGL0I4x3PHFTQuVI5puB1xSMAJOtdlrHPe57p8Df2jPEXg2xg0XXLdde0aBl8mKdv31vjpsc9h2B6V7Tr37QHwk8Z+FTp2sXGqafukSXa1vvKsp6ehHJFfJHwz8Fa143vLq20OSxElnH5sqXV0sJ2YJLDPUAAk+lakHw58X3F1cwnS5Ymgs5buIup23aRsqt5LDhz8wI9RzUeyi9UNt9j6Z8X/ALU/gPTPD66doWnXmsvHAsI+1JtRwFA+fPXOOa+Zfi/8UPEnxC1JZ9XuAlrDxbWUPyxQL6AVjx+BvGVxefZo/DmoNKSny+X/AHiwU56YJRx/wE1i61p+oaPqk+m6naS2l3bPsmglXa6N6EVUaaiJtshZvrz1pMbu+abvHalXBB4zWhGw5QQ3WvWfg78ffHfgG1TTorldU0tPu2d5lhGPRG6rXldvHhdwPX/PSvVPEnwX1TT9P0+40rUodUkvbT7SY0iKKU2K5MT8rLgNyBgjaeKUoRloxptbHp1/+1R4a1cWdxrXgOSS8sX3wsl1gKcg/llVPPcCub+Jf7Vfi/W7OSz8PWcOiwyggyKd0uPY9q5u1+BPiSbS7pri5sYdQjliS3tROG3qzyIWbuo/dtg9Dg1mL8EPF7281wbjTVghmREmNxlJkZUbzUOOVCyoT3xnjis/ZRRW55xq19d399JeXtxJPPM26SSRtzE+5qo31re+IHhXVPCOo29hq/lrc3FsJzEjZaIFmXa3ocqfwIrn8/NzRLQpAxJ70xhx70/t0ox7VFx2LFlq1/arsSXcg6K4zWhfeNNfu9Mt9Onume1tM/Z4mYlYs9do7V3vgX4b+HNe+E1rrN1eTWuqX9xcW9tIJ12tKjxCOMRHltwkIyDwQK14/ghpmka5CNT1r7ZHc3McFrbvblPOMkEknzkHKFTG34gfSrXqQ9Dw+7uri5ctPIzn07CosV2nxW8Cx+ENP0W8tr+S8h1a3L73j2bXAUlQOv8AEOo7cZFcXSYLUQ13vwrb/iQzAdrg/wAhXCY9q7j4V5OkXA/6bjj/AIDXHjtaLOnCytUuddDzXL/HAkeFbM5+7dj/ANBNdXbjpxXMfHBM+DYWx927X/0Fq8nD3VWJ21ql6bR5azh5kKjAzX1D4aw2k2Z/6do//QBXy1H/AKxR719ReE2/4ktgR3tIv/QBXZjJXnFn2Xh7BSxNaL7L8zejiBXP9KJLcbamtVyvNWI4g7hRSjT5tD9clQglqZ0dg8x+7xRLouBnbXWabYfKOKvtpilOlezhMvg7XR8Ln9eEU0jze60zZ1X9KxdY02N42DRBvwr07UtLGCdtcvrNp5atxwK9+jlcJLQ/F88x0IXuzxXxb4e8t2lhXj0rj7qBkkKkYxXtuqWi3DFNufeuN17wx5kjSRowrysyyaUHzQWp8bh8zhzPX3Tz7yWJqxbwgVsXOizxZ46VWWAo+11wRXztShOD95Hp/WozXusjjQDmkkOBxU0yDbxVZhg1lykRdyKbmqsg+arjDNV5BzSasdUHYai5qaIYPFRLUqnBrKSCVzQtGAWritx1rNt3z3q3G1PmOCpHU0rOQ5wc1qwuojrBt3YNmtbS2MjYJ5rSOphzOLNayg81gcVvabY5UDH6VX0WNThQM11Wk2gKggV1U6R20qjdinHpgK521FdaXx92ust7MFelJcWWR92uj2aO+EjgbrS/9ms260/axOK9AvLIbelYmo2oGflqZU9DojLU5SOPy5BxW9ozDis+8h2SdKt6a20iuKcbHo09To7cApkVJnH61Ws3zGKnJ/lXK1qdsdjxHGakijk9OKsJbk/dq1HZsEzg1zSkj4erikkZ7pluA2fWmsCq8AmtY23yfMvPtSLZMXHH51HtEc6xcL6mfawu3zEce9aNnCcgAc/WrcdqoXGB7Yq7ZWe1sryabqJot4zSxZ0my+UZ4zWvFp/y8j9KbpcBJWt5If3fIrilLU5/byve5zd5ZKOcVj6hAoDAV2V9bkqTj61zWtQEZK4q6b1O7C4qXMk2clqCgMc1RVdz4rQ1YEMciqlqjFvu16EfhPqaM7xuaOmxAMK6KxhBANZmj2kjsMKa6vS9OkKjKVxVpK5UozaukTabEMDIrUgj46UtnZsijK/pWhDbDFYqmjzalScXqVo1IXpWhp8RK8inW9sSfu/nWlaRLtrOUUjjrYp2JNPjUMBXQaVxisWCMK2c1qWMgHGelcFeJ4tao5s3onVkIqrdd+KhSc7eD0FRSSktjPWuHqYpFa45bcTiqzTndgHip7tVPeqc3lqeTgV1U5GiRYWX5c81DNMAcg1WkmC/deqs1wcH5q6o3YuS5cuLzK4zUml3BMmR0rEnnHrVzS5QsYx1NVGneSKUeVXO00u6ZsDPFbMVyFWuU0mU7c5rT887eten7ZU1ZHpZXhZVpXaNeS7+XrXln7SMxaw0dsZxcSjGP9kV3X2jjBNedftBP5mj6Yf7t0//AKBW2FxLdeC7/wCR9j/Zrp4aU7bHzx8bNo1DSmjVUxbt0AA/1leeTZ8xgeua9F+M0QnuNHTeq74pFyxwB847151IMSMB26V9DHY82B9YfDIb/htoLeunxfyrSvE9qz/hGd3wv8Pt/wBQ+P8ArWtfD2rw5L3mcPM1Nnmv7Qif8UPA2Pu3yf8AoLV4xXtn7QQz4CB/u3sf8mrxT3r2sD/BR0Qd0d98A/EWl6FqOtWepapLpH9saY1rb6rDGXaylDqwbA5wQpU46Zr2Pw/4++HN1dM9/rL6hqEUstut3d2Shr4O9u6TOwH8JjccjPzZ7mvmSxlhhvYZrmD7RDHIrSxbivmKDyuR0yM816rqXgjwU+n3Vxp2szwHTRDuzIpMqyBZAxz/ALL7cjjK812Om5rRm0Z8rR7pffE34daZ4vvoXiivG8uaA3y6cmzYLhmS3Krwy+WSu/0xXNW3xh0eC6uLY/aLbS5NFsYIo4rdfknglSR1YH7yuEI3ds1wkPhTwfbal/Zcusyfu74Dz/taZaJ4CyIewJdSM9jjPWo9D0bwJ/wklvb3WrPdGHdK5mukSKVVuChBHqEwxHfJxWLoV2/iVjZVaaW2p2OpfHfwpBfLF/ZtzPYwurwRiFQ0Un2ictIpPRvKmXHumK8Y+NXiTTfFfjh9X0xJ/K+ywQPNcKFluXjQKZnA43NjmuttPBPgO8tbWUam0sn2ea5vBDdZVFjw5yOq5Xen1AryNthYlM7STtB647ZrqjBwW5zyld7E6nMf1pJANvPXNRZLdOADSsp3DHPenfQSRv8Aw38Sr4V8Tf2o9qblGs7m1eMNg4mhaPIPtuz+Fen6P+0VeaXZ2L2mgRG+htxHcvLMXieQW6wKyRnhFKoCyjqa8k8C6q2h+MNP1QuFjguU87KBwYyQHBB4Py5r0CTxF8Ob1ob/AFK2tpNQa5lEkn2Qnn94FkkAwHjx5JAGCMGpsnuWaf8Awuuz0rwnpdjo+nTvMmqXc99aXkhIW0l3gWol+8wBlkYN1BNea/EvxO/i/wAWS601otorQxQRQq5fZHGgRAWPLHao5r0K4134Za3rGyWGBZLzU2aa4mg8sJAysGIb2+UrnuvvXlfiaSOfXru7trUWttczvJbxqu1RHuONvtimrdxSbKPOakhYB/mpufekjzu4PNUtCC9GybFIbJ5yOmK9k+G/xV8Y3WraUlr4bi1NNBJumgsYvLeaXyTCssuODwcNxz3rxSHn+uK6LwTrv/CPax/aCq7K9rNA6o+04kjZM59iQfwp2T3EnY7LQ/id8RNsOiWCLJcCUlN9pmYjzHkCMx5KhnfGf7xFZLfEPxumjtpFxum0+aKGN4HtT80caBRtbqpKJgkdQvtXQw/FtIri3mHh6VpFt1SRllwxcFSFU4/1Rw3yn+8arn4jyXOmtaL4cuobgaQ9tYiOMyCSQ4xIMjOFG/GM/fIp8kbju+5wfxU8W3vjfxte+I76JYZbrYqxIciNFUKq5PXgfnXOLjdg06bgbcdKizj8KzmrFRZOwxTKdGQyMd2GAGB/eptZyNDq9B8OeJtW8I2l5peowzw29432axS42ywzYBZgp4B2qGznoKvTaR8TNTtlv7m8vzP9sSOGOe42yGQeYAwyeNpDjn+8cVn/AA5v/E6ebaeHbNLsW7tdzxMgYbfLaNg2SMgqxGPXGK6PT9f+KF5cmOG0gMiy+azyxIvDI0qqWJ+7tdiPTNaRjFpaEu5xHivTfFNtp9vNrwuvs8TCCDz5dwQ4J2qM8dD+WKwa7r4lDxfc+G9Pn8QaettBBdXGWDjdJM8jFmZewyGAxx19a4f2GcZ6VMo2JQ2u7+Ea7tNvPaZf5Vw2K9A+CUfmWeoD0kT+RrkxetFmtPRnYWsXTiua+OURHgPd/duo/wCtdrBCBxXL/HSL/i3M5/u3ER/XFeVSjaojeUrxZ4gn+sX619O+CZA3hrTX9bOL/wBBFfMe3GD719EeCbwDwhpTbs/6FGPyGK0zCfIos+w4IxPsMXU81+p2sNztXrV/SrgPKPrXIjUPU1veGpg8gOaeAq+0qJH6NjM5jCm7s73TGDBa24YgyDiub0iZflGa6SxnXgA5r7vC0dEflefZwnfUhvbQMnQVyfiawOwgJ1HWvQFWOVc5rE163UkrjvXvYb3Nz8dzrFPENqLPKbjTGBJKkbfas67tjtPyDFeg6tYqFOAPzrmNRgXLYFGMtVgeDgKMqLtfQ4HW7BSzMBz16VzGs2KtEXUcivQ9at/lLAdq47Vlwknt7V8hi6UWmmj1eV05pxONmyMqaiKZqa+4ujxTNw21801ZtHtxeiZXkTFVphV5vpUEkYJpNXNoSKgNSR8mlePFNj4rKSNr3Whbt0NXYhVGGTFWFmAFYS0OSom2XoRnFaumNtkABrDtp8txW1o675lrowyuzgrRaO18OoTtJrudFj+UZFcf4bT7oxXc6NGdq17EIaHZhzVgjG3pSzxfL0qe3TavNLcEFcVryncpGBqg2KeK53UpUOc10euEBTzXF61MUkODxXPU0NoTVylfgM2QagtXKt1ps1xnnNQrJ82a8+q0z1KErnR6fINo5q9u4/CsXS5cqOa1Ub5c+1cjPSjseeWsGVCkflWhDb9AF/OpoYE2ggenNWIlEfcFfpXkTk7n5TiKspOxGliPLB/SlaxBZcA1pWIDg4xg96tR24zknP0rB1bGdODursx4rTkgL+laVhaAY+XFWPII4HBz1Iqzarg8/jxU+0Z1xi3qPs7YJNx0rTjiULk1TyvBBxj0qQzjb1pXbZoo3C9GUPFc1rC9R2rfu5RtwPvVh6kpdsdc10U0d2Hpe8jl9UgR1I21V0+zLTBAK6Kaz3LjGTVjQ9M/fEla9CLtE+xy+ClZMtaHYYCqBj1NdRY2wVQ2M/hVbSrUrt+XpW5BGVj5H0rjqRTZ7FW1rIS3iB4PSrMdvggKoxUcaktj860ogFVawu07Hh4+nFwb6kSwEDFSQIA3NTKAaVQN3vUSZ8rWvdjGyOAKmjYqvWmS8VA0h6A/WsKkdDjcbl9Z2Axml86TdVW3UnnNWNvSvOmrMnlsSbwx59Kz7tDvIBJq95ZK1HNF8ueBRTlZj5rGTNE3JBPvWfeO0ZOT1rTvJBFnnNY9/MhBLGvQpzLhO7IGmG3Gea0NPn+6M1z01wok6/rVvT5yWXmtoytK5sqbqNRXU7XT7ojGTWnHMWXrXL6bMSwGa6Cx5UZrmqVW2foOS5dGMUWtx61w3xttri70nS7e2iaSaS9YKqjJPyE8D6Cu7C461xvxpurvTPD9jq1jKYbuxvfOt5APuOI2IP5itcHXisbST2ufW46io5ZWS3t+qPnX43w/6LpJkym5JdpK/eGVwa83b7x4rsfFHiDW/Fmh2N5rFx9oukvJo4/kC7VIV9oHTGSa5C4O6dm45OcL0/CvvGopvk2vpc/OqfNa0tz6p+DL7vhToPPSyA/Imt29PGK5n4ISZ+E+hn/p3Yfk7V0F09eNJe8zjlG02cJ8eh/xb2RsD5buLr+NeHk17n8cFMnw6u8DOyaJj/31j+teGN1r1sD/AAvmb09mOHK1p6BpUmoRzXcsyx2Vm0f2xhIPMWNmxlEJ+bHtWV2pc9q7Sz1uP4VaO8jxR6ldyNHq32V3OFCwllUP05b514B/Cm6P8MtAm0gyXOsGaZrRZElt5R5ZfM4O0EfN/qh8vXrXmTaxqvlvGNSutkkiyOvnHBcYAY+4wOfaoUvbtAqrczKFOVAkIwck5H4kn8a0512A7L4qeGdP8OWGk3ukNdLHqMBEplk+ZmCqx47A7vcHAxXGIQeCOlJLdTzKizTSSCIYQO5YKPQZ6UwMc5ochEsZ9uKsA8j3FV4yCoFSs4K4HpxSGa/gXTtF1PxGtl4g1JtOtHjciYJn59p2g+nP8sd67O10jwQPAenz6l9gMktnd7rmzmxOSqnyyyMeJCVyB0Gcd68zY7/XnrTJAOw60uaxZ65et8MY9LCW8OnSSLcxzx+Yu0lN8JYMw5+6z5X/AHvSuH+MX9kjxzJ/Yk1s9m0MbbbbHlxvj5lGOPTkYHPQVzO0elJtx2qefQbiyW1maC4EoVHwCCrrlWBGCCKiX5R1pW+9zSN1pXJsSwtg10nhHUPDttomr22uaRJeXF1AospY5tnlOGBP5jPP4d65mME84qaMnoQa0jInlPXLv4l+EvtFpPb6BIywLZr5E6jEQhlkOVK9SEcYJ64wabD8VtESTT0NpdRx2S7HZUDGRTFtPBPy8qPukdQeo58mbPaoZAdtP2j7jsT+IrqC71y9u7WN44Li4kliSQ5ZVZiQCfXmqcaqx+ZtvBwcZ57Cl70EYrOUrsaVhVGFpy5pq1IKgs63wL4+v/DYWMWNrcQLbmHaEEbt84cbnHLYI6HsSKtr8VfEEShUht1WONEgXGVhKwtESB3BDZwfSuG60xiC2avmdlqSzqvFXju/13w/NpFxYWsaTXhu2kUsWDElsLnpyx6dsDtXItgUMe9HVfpTbbJG16Z8AY92n6o2OPNjH6GvM8/yr2b4I6VLY+EftEyFXvpfNCkc7AMD+tcmKf7uxcdzqI4vauW+OEWfhvfH+68R/wDHxXarH7VyfxqTPw11T2VD/wCPrXmQaU0aPY+f2+7XrvhG9ZPCunDd0tlHWvImI2c9K9A8P3O3w7YrnpCP5mqzGN6a9TfDZg8FL2l7X0OxS/y33v1rqfDV9hFw3Iry77cof73610XhnVMgDJqMrharob47iaKpe/I9g0vUSFX5q3dN1QDGGya860m+Z4wRW5Y3ZVQ3Oa/SsBKHKk9z88zbN519YPQ9GsdRRlHzdqj1C5Rxw2K5K11IgA7h09adNqJK53frXpyaR4dNzqbmhqUkckbBTXM6ooZzjNSSakRNt3celU7m6QsSxrkq4iKi9Tvp4V3TMjWACm09q8+8XzCORwP/ANddh4s1KKGNmRu1eV+JtQeeZsHjNfMZhiIqLZ1xoc80jLvJi9xnNLGarrlnzU8QI6180pXdz1HFJWJGOelRScc1KajkQkVehMSCZ/lxVdnINWJkNVpFYGsJPU6YWJon4p6ydqrRk08NnvWbjcTiXrFj5grrvDK7mUmuR04bpBXaeGoyrKa9DCwscVaN5HoHhqHO0mu10qMBVxXJeGFJVa7XSYztHFetCJrTjZFpmwuKrTzBVPNW7lAsecVh6lOEySaJ6GlzP164AU81wfiC8AkPzV0XiK9Xy2+b615v4kvv9IOD3rzcRU5UKDfMXVusnr1qzbybq5m3uyx61saZOWxk15cp3Paw502lnGOa2Fb93+FYumkFVNaqt+7/AAqVqerHY5m1nCLgnmnRzKZSW/DNZDTle+Kfb3YyM15tSJ+arBuXvWOms7g7lGQF71ow3K7sL1NcrHcqq53ZNW7W8DfxYrjnSY1QkdP5uOp+lNaZV5zWXHdhowC3NWtFs77XdYh0rTY/NuJmwAeijuzHsBWagzenSlKSilqWY5ZJZkiiRpHkOFRBlmPsBXV6R4B8SXsIluUi0+Nhn/SG+f8A75HI/GvS/h/4O0nwlYqVVbm+Zf3t04+Yn0X+6vt+daeqXyquxMc+3FcuNxKwsNXZn0+XZC6zXtNfQ8sb4dMFw2sFn9Vg+X9TVC++HuqxgtbzQXOOi8ox/Pj9a73xd4m0vw3pf9pavMVjZ9kaIu55W9FHf+lM+HvjLQPGPnR6Y0sdxANz29wgV9ucbhgkEfyrxqWaZjyuuo3guttD6OWS4CFoWtL1Z5TPotzZzeRd20kMn911x/8Arq9pWmlJM7evWvbL7RLW+tzDdwLIh6ZHK+4PauO1nw7JpN0F5e3c/u5MfofevoMDnFPFrklpL8/Q83FUJ4L34O8fyMG0sCnO3jtxVh7dgvStW1i28Fdw7V0Hh/wZrGuQie2t44bdvuzTttVvoOprrvOUrJXFTzCE+pw0cWxiae82MDPSuwb4f63dafLc2UlrN5U0kRjDlWJRiDjPHb1ribuGe2vpLa6geGaFtrxuMMp9xVcko6yRzYiv7T3UWo5uOT1qxEwJziqCFfvY6Vs+FNKvtf1P7FY+WjbGbdISF+XGRkDryK55XlKyMvqEZLUo3b/hVFX/AHmc1u+ONA1Dw7NbxX8kDtcqzJ5TFsAHHOQKTwD4Qn8VG68jUI7X7Lt3eZGW3bs+h46UuSblyW1OSvltleJn2sx7iriyZqTxl4cm8LapBZTXkd000Pmh0QqByRjB+lUFmI6Vw1qTjJprU8OtBwbTNKCXccZ/CodRlUL1qoLhQetVdQuFK8EGso0tTklIpapOFY8VhX8uWJq5qU4GSTXN6vqCR5JNenRpWHGVkR6hchX696vaNc/KCOtYMEU1/cKVHy5rsdB0N/LUlTXdLLqtSN4o9nKWp1byNPRpyZFyK7DSwzICBxWBp+lSRsoC11emwukajb2rjeW1I7n6fg5xp000iRonK1w3x5iY+A1V+9zj843r0FgypnFcJ8cnMngfB7XafqrCuWhhOTGU5dmPMMwUsPKHc+YdY1e48YaXZT3MFnZyQSi1UW0flqVigQKSP7xC9a4zUvIN9IbZmaMkbSy4P5V0Gi4j8Lllw23UXBBIXrDggE1zU4xMwAOAeM1+hc14u+9z4yKSlofSXwJn3fCbSQT9wSL/AORGrpriccjIrgfgfdbfhjYp/dklH/j5rpJrojv+teLP42jnkvfY3xhaJq/h290zcAbiIqpPZuoP5gV8+XMUttcSQToY5YW2uhHIPevebi5YdTjjNcv4w8PadrkvnvmC6xjzk/iH+0O9duDrcl4y2HGXKzyvdx7UntXVzeBLtWxHfwsvupFRf8IRejrew/ka9H2sH1L9pE5jNFdK3g24U/Nex/gpqN/CrL1vQfolHtIrqP2kTns+hpa238OqvBu/yWkXQou9w/5VLrQXUPaRMiNypGO1TBx5ee+elaseg256zyfpVuDw9ZnrLMfxFZvGUo9ROtBIwrid5VjDN9xdq4HahUeaN3VQRCm58dhkDP6iuqt/DGmNwxmP/Aq0rLwppK5IWb5gVP7zqD2rCeZUE9bkLG0orqefClr0+DwdoA5a1dvrIatx+E/Da/8AMNVue7Gsf7WodmL+0Kf8rPJG69qT8RXvFj8NVmtLW8i8G3DW19IIbW48htksh+6oPTkggVnx6DoaSbP7Dt94YrtMeTnOMVcsyilfkZLxuvws8dhx61OFHYivbz4YtrbS7bUW0CBLW7Mghl8oEMUIV8+mCR19adHp2mD7um2o/wC2QpvNUl8DJWLd/hPENvFMkQ7eEJ/4Ca91+xWQ6WVuPpGKimt7cdLWL8EFYyzlL/l3+Ivrb/lPCTBIxysUhP8AuGkFtct922mP0jNe1yRRqTiNV+iio2VRyFUZ9BXO88f/AD7/AB/4A44yT6Hjsen37fdspz9IzVhdH1V1+XTbn8IzXriEjFTRyH1P50RzmTfwfiV9bl2PH18Pa833dKuf++KenhHxJJ93SJvxxXsKznaQTUkc5PeuiOZTfQX1mT6Hj0fgXxVJ00tvxcVat/hz4qkODawx5/vzCvXY5jnrViGTPet/r0uxcakpHA+EfhcsF3Hc65cxzCMgi3i+6T/tGvTbeJVjCqqqqjCgdhUURqyhxXJWxEpu7Z1QAriuQ+MwJ+HOrKP+eIP/AI8tdfI3y1yXxa+f4f6yPS1J/UVzxqL2iL5tD52Y/LzXY6Qxbw/Z47RY4+pri93H412elPG2j25hUqhU4B7fMa7sd/DPPzJfuF6ksanfk1taDMIpF5rHjyetWYWKsCDXmU68qU1JHz2Ijzxsz0TR9RRY8E9e2a6HT9QRowdw9+a8ut79lX71XbXV3Q/fr6rB5tGSV3qeKqFSm7bo9N+2qfuyUjX4xgP1rzptekQ53mnyeJSy5U9uor1VmStrI78LFt/Cd291GGPzDPfmsbWtWRNwD5rkJ/EciqRvyTWZd6s8uTu5+tceIzKFtz0I0pM0fE2pmRGyeMetcdcEyyZxVm8uWmkO40yNRnNfN4rGSqy8jZR9n6lcRkdqegx1qztXvTHj75rGMw9pcI0Ddaf5QK0RDAqZRxW3tDOUvMqyQe1VpLY7ula6Ju7U7yAe1ZSkJYhxOfmtyvQVWYFWrobq2GOlZV1BhulKMjro11IsaONziu/8LxgqgI6VxGiRYkFd54b4C16+G2RnKS5j0DwxGFC12emlVj/CuL8PuFVTXTWtyBHya9OMrF9C3qNzhcZrltduflbmtHVboYODXHeIr/arDdWdR3FJ2RheJr3G4bv1rz7XbrfMR71teJtRJZvm/WuPvrndNnNeXildFUY+8i/aTHINdBosuSOa5Kzk5FdDoknzLXm8p7lBaHdaU37tea1lOI/wrC0VyUFban93RE9KGxwN22e9U0lIbGanumrPnOD6VypXPmcPhnypGlDcE8ZxU0V2UbrWGLgjoab9rYNmj2dzf6il0OsttSCj5jx6179+zvosemeF/wC3LhP9M1JdykjlIs/KPx+9+VfLunyveajb2i53XEyRD/gRA/rX13Y3CWunrawgKkKiNF9AAAP5V5mY14YRJvr+h6OW5anJzsbl1fmSUqG471QurhPNZpJUjQcbnYKPzNYfiLXrLQNDuNZ1N3W1tVBk2LuY5IAAHc5IrhPE+oSfFnw22m+Do32Wt2kt618PJUjDbFXrk5yT+FfG+zq42r7Wo7U72cuiPtcNGFGFoq77HSfG7wzP4p0CzuNJurWafT5XzCbhFEoYDIBJxuG0cdxmov2dfBOpaL4gfX9ba3sYxA8MEMlym6UsRknBxgY/M1xmt+C59I8M6X4dvdX0Ozuo5Jb28jnvNuWfCoR8vICIefUmuw1H4S+J9Q0rRbXThpzWtlp6gO1xjfLIxd2A29MkDPcAV60XClhFhXiEoSbV2umu2ttX+DPJxbbrOpyaq39bGp8T/GHi2Hx++k+GLiRLWPyoVaO1WRXkbGSGKnjLAdccV65f6QLnSfsdy3mP5YDSEDO8D73HvVvwzp8ej+HbDSocBLO2SEbfYYJ/PNW5MbTmvnq2YQapxowUeTr1l5v+mefKLcpc7updDzrw/pZu/E1rpcq7fMuBHJ9Aef0Br1H4h6u3hrwytxZ26eYXWGBWX5E49PYDpXnPjGIQ69IyEr5ih8jjn/IrIkaafbCHmlZmwqZLZPsPWvuMLjb0VJLWSPjZzlh5zpJap2udT8KfE1/e6zJo93HGySiW5WRF2lWJ3MD6g5/Csr9oOyhi1TTb5EAmnjeOQ/3gpGCfzIrsvhr4UOhWsupajtW8nTBUniCPqQT6+v0rzf4ua4mv+JR9kbda2q+TAf75J5YfU4x9K9CUmsPae7OqlVlCC59zndB0u91fWIdNsk3SzHrjhF7sfYV69pulWmheIdB0yzHyx2t0Wc/ekb93lz9ab4J0Sz8GeFZtT1Mj7U8e+6dRuKjtGvr/AFNcn8P9av8AXvjBJqN6rxq1nKsERBAiQFcKP6+9FOCpWT+Jn0FOSlEX9op8appIz/ywk/8AQhU/7OrZOr/9sv8A2aqH7STONT0gqjt+4kztUn+IelL+zXcl21r/ALZf+zVj/wAxv9dgqR9w6Dx94bbxR8QLe3+2C2jtdOEkrBdzEGRgAo6fnSX3ws0prQraareRT44aQKyk+4AFcn+0J4g1TR/FVumm30tr9q09VlaI4ZgJGIGeo5PatX9nXxJqmsaPqUGpXkt19jlTypJW3MFYHIJ6nkd/WtLUJ13CUdTwalCnKbUo6nnfiq2vND1mfS74BZ4Gwdp+VgeQw9iKw7q/YLzn8DXX/tQXKxeObNgMNJYKWPrhmArzOS4ZlJzXLKio1Gjw69NU5uKJtU1JViOTWRp9nPq94CAfLzRHay319s+bZntXongHQ1DIFQce1e9luBjUkm9jjj7zu9ifwT4QHloWTArv9N8PRxRD5RWz4b0pI7ZeO1bK2I28LX1zo04w5Yo93LabjNTZzltpEYf7tXhpyJHjFaqWhRs4pLoBY+leZVw0X0PtKeLajZbHP3cSrxXnfx4gA8ByOo+7dRE/rXoOsS7ZsVwHxwkD/D25GPu3MJx/wKuD6nHm5rbHBjKzdtT4+gA/4Q+8X+7qnT/tm3+FYMxLSZJ59zXQRgDw3qS55XVF4+qSVz820yfKCBgYrqj1Mo7nsfwYn2/D+3XP3Z5P/Qq6Oe4PTNcd8IX/AOKKQZ6XEn8xXRu+T3xmvLmv3j9TCXxMmnuGZVB/hGBVeST5vekkxkgE4zxmo2YlVXH3SccetaQRM9h+QVZi4BXGF/vVBM1Ox3zUcgroWxiV5jmqlxVyQdaqzLnpVE81ihMDUYX1FW5IyTTVj571jNhcjjj5q3boeKSKE/rV61gNckzOTJrGHfuwwBUZwe9adlGMAmq9vBgZrQt06VyTjzHK73J41Dc4qYRZHNOs0XcvmZ25+bFWYY81CpalRR6vp/i3QBFouuSeKr+3azt7C1m0GKAmMGCRS7k/dKkLvBHzZOK0F8f+DEj06QCR2hlCxRpYLu0v91JG86Mf9YWZkfB9K8hhgz2q1b2ue1ejHEVErI6fay7Ho3ijxvoGoeAtS8NwzXk1zcSySpqbWyRvOf3R2uo4CuVYkjkEKe5rzSK1O3pWlDaZ7VZjtfalUlKprIiUuZ6mObbviq1xb+1dHJa+1VLi17AVhOncSOZuLfHaqk0WP/r10F1bY7VQuIDzxXDUo2Hy9jJ2nNLnC9easyQ4PSq8iGs1GwuVjN5HFOWXtUMgIqEua6KchpM0muN8u/AGfT6VYt5+etYqzGrEMxDVu6llqdFPc6C3myBk1bjlG3rWBbzn1q5DcZHWuWpWO2GiNRpPlzmuZ+Jx3eBdZUf8+b1secCOtYPxCbf4N1ZfWyk/lWNKt+9j6oJSPncY+XPrXX6HkaDa+mG/9CNch6fhXd+E7fzvDcZx9yR1/WvpcZFunY5Myko4e77oSMktVuM4HNRvbtG1QyTODg141SMl0PC5VPZl3dkZzTWmK96rrL8tMZw1RCUo7Gap66iXE0rHhzURmlVepqdEDdqWSIYrpjWlbc2jKMehWjdz1NEhPrTynNNkWlKbfU6VWK7Z3VIj4qKbApsZo6A1zK5cV8jGakU8VUWQCned70K6MXTZbGM8Vat1zVG3kB71esWG7k1opaHPUukXIbfNWFt1XrToJFx1pzOKzlM86U5NlW6iXb0/Sse+g+bpW5MQRyKpXEO5qmEtTqoScSrpo2sOO9df4fkI28VzllAFbJ7e1bmlyBXA969jD1LHfHVHc6TdFUHNbMN8fL61yNjOQoI9KstelU616cZ6GilY1dUvxsPzfrXEeKr87Ww1WtX1E7T81cd4kvmKNzSlUTQ1G5ia1el3YE1gTTFpeDUmoTM7tVNT+8rhm+Y9GjTsrmrYsdwzXS6H95c1zGn8kV0+i9RXLJHoU9jtdFPyLzW7GP3ecnpWBov3Vrfj/wBX+FY2O6Ox59cKNvFZ14ewqxPPuGFBqBYJpWACMc+1csUc1DDS0sinj2oxkdK2IdLwuXBz6Yp/2GPp5daKcT0f7PnYzvC8otfFGm3T/dhvImP0DCvq63YsSc96+WbrTmC7ouCK+i/hvrCa14Tsb8N87RBJh/dkXhh+Yz+NfM8T0nKnTqx2V1/l+p3ZfSdLmhL1LvjbwzZ+LPD50fULi5ht2lWRjbsAzFegOQeM8/hXN+C9f8AfDjUrnwjBfahJeNdr5u6AyEyMAFXcoA6EfnWL8UPi1qfhrx0/h/SNMsrzyliDNOzbjK4zt4Puv51s6f8ACrT18eR+KtQ1a7nvftYvJYCiiMyddvrtB6fQV5FPCujhksbJqnNc0Uur030dvmdMcQ/aP2Su1udH4s+F934k8bza9da7bR2zNH+4MLFkiQDK5zjOAfzru/BXxJ8J+INbj0bRbi5kuGRiim2KoFUcnPpiq0qG/wBHubD7Q8H2qF4vNTBZAwxkZ7815XrRsvgp4gtLjRJf7UvdQtHVxfAKIIwy8rs7kg9ewrgoJ5jH6vVk3OKtTSsltrd28kcOOqOnLmitHufSkcpx1p0kvy1y/wAP9avtY8FadrGpQRW9xewiZoos7VBJ29eemPzrTuLxVUktgAck9q8KVOUKjg907fcclOLqO6Oe8YLcah4qhsLKPzZ5I1VEyBk8nGTXXeCdK/sGNZ5PD97c3xHzTl4sJ7IN3H1615hpviO5fx8mp6daPfSpMTDAoJLgDA6c9K6vUvijrmn7Pt3hdbYSZ2GSR1DY9Div0XLlTo4ePtHZpLoeDLCKdedTuza+IQ8Y67G1lY6TJa2J+8pnTfL/AL2G4HtXmnirQNZ0JYLvVLPyInlAU+YrZI5xwfSuvuPitq8VpFczeHIo4ZwfKkaVwsmPQ4rj/iV49n8T6fDaTWENsIJTIGjlLEnGMc12yqUZe9zO/wDXkc9bB7y1udvN8XvDScG11Dgf881/xqHw/wCN9K8V+P8AT49OhuIza2lyX85QM52Yxg+1eE392obrUvgvxjL4U8Rf2tBaR3TeS0XlyOVHzY5yPpWv1ttrmeh04epUbsz374hePdI8I3FtBqcN1I14jNGYUDAAHHOSPWuK/Zhm8+41+QZwzxkZ9y5rzX4neO7jxreWctxp8NmbNGRRFIW37iDznp0rR+Ffjm48HJdiDT4bw3mzd5khXbtz0x161jPFp4lSb91f5HquFoHR/tQMf+Ew0/j/AJcP/ajVp/srhvsuucf8tIP5PXMeNtU1TxzMNdfR/It9PiEEzwsXRcsSNxPQnNaXwv8AEV14US6itNMivDfMmQ7lSCuQAMDnOainNfW/a/Z/4B5uIcIO7I/2nrV5vHVj8vH9nj/0Nq8/GluV4716P8S7u+1/X47jUtLGn3FvCIjDknjJIJz9aw47MLzitak17Rs+SxlSLqyaMvQdKEeCU5+ld/4Ot1RlOMVlaWke3BArpNAREYBTXvZbioxSVzzvaNzSO70TAhWtNfasHS5tiAZrRF2FTJNfQLERa3PewuJUS3cMqpk1gatfKjEBqg1/XFjyA1cVrXiRPN+ZqzliIbM9ilioPqa99qEclwUkX8a4j4xFX8A3zISR5kWP++xV9tUhmcSI/PcZrD+KE3m/D3UljycBHOOwDjJqWrxZliK/NOK8z5b8p4dD1WWaF1QatH8rArniTIrA1RhNfSTLEsSP86oDnAPSvSPiLK1x4Plnkbc/2yIlsdflYV5ndKElABDAqCMVzU3ud8Hd3PTvg6jt4LZwvyrdOCfTpXTMtcx8GMnwnKPS6b+Qrriua82ppUZyzmlNorlc9aNq+YSM7ecDvVmFI/OTzt3l5+bb1x7V0fhXwmNQVri7nWOLGY0z8zj39K1pxcnoHM5OxyO31NRso7GvWpdF0CG1jaOzhVo/vd803yLCC4We3s4djDn5BxW7i4mioN6tnkTREthVY/RTTPsVy7YS2mb6RmvVbO8itNe3G3iKuf7gxWxHrKQ6kB5UYU9MKKUrpXsJYdN7niR0q/JwLG4/79GiPSr3dj7JN/3wa9g8cXm6ZJljmKt0EY4rMsZ7ueGSHTdGma4kGA7rXm1cVKLsonRHARau5HnkGjX5G77HNj/drRsND1ObiKykJ+lej6H4O8b3bKsqpAuOSRXRR/C7XDatMdT/AHmM7VrNTrT+yN4Ch1kzyJtHvbfieER/VhS7Y7fAmmjX/gWa9Hj+Eeq3lxvvLwqCectW/ofwe0K2k33svnMB061UaOIl9kzlgcMn8TPHoLywC/NP242qTzV3T5bef/VSBj6d69pj+HPhcSbfKVd3AAxVyHwV4V0mMFraJ2znLYraNCspJOwPB0Le63c8ft4cjNaNnb1q+LdJtNO11lsGDWsw3xqDny/VaSzi4HFbez5WefKLi2iO3tOcAVh+MfGWgeGpPs1zK091jJhh5K/U9q0PiZrJ8M+B7rU4sfaDiK3/AN9uAfw5NfOLPPdXbTTO0s0rZZm5LE191wjwjDN4yxGIbVKLtpu3117I4q1RxdkeoXfxdjP/AB7aH8vYvL/hWdc/Fi+bOzRrcfVzXIf2Pqitdq+n3QOnruvFaFgbcEgAuP4eSBz61RZAelfpFHgfIUv4F/nL/M5vbTvudZdfE7V3Py6daLnp1NULn4g663/LG1U+yVcuvhj48ttL07UbnwxfQWeqzxQWlxKm1GeQgICf4dxIxnFZtv4L1yfWtY0l7eOC80O3nnu4Z5AmFhOJApPDEc8DritKXC/C7TcaMGl538u/c0VSXW/4leTxvr8n8cC/SOoZPFWvP1uFH0jFW28E+IF8L6T4kOns2m65dvZ2M6sD5kyEAoR2PI69a3PFXwm8W+HhPBfWayaha6ibCbT7bdLMGEKzbwFGGTa3UdO9dCyHhmnNR9hSu79F0dn9z0fmU5vz/E5CbX9abk3jfgtVpdX1dut7JXcab8JfGuoeG9R1O10W8a50y+itLjTPs7/al3xtIJNmPu4U/mK4aa3ZXKEEMpwQRyD716GFyjI5tqjQptx3tGOn4CU11RE2o6mx5vJf++qb9t1HPF7N/wB9mtTwv4e1jxHrMWlaHplxqF5L9yG3Tcx9z6D3NdD8X/hjr3w0vtMsfEj2q3upWf2o20Mm97ddxUB/c4rs+q5TTrRw/s6anLaPLG+nlYvnVtjmdN13WLKRXW6aVc8pIcg13/h/Vo9TsVnj+VgcOmfumvOljHpW74FdoNUkiB+WWPJHuK+B8ReDsBXyirj8PSUKtJc14q3Mluml5ap76GmHxThNK+jO7SY461meMWL+FdTB72cv/oJqwrk1T8SEnw7qC+tpJ/6Ca/mendVIvzR6U6p4CvavTPhnCZvC7nrtuGzj6CvM1+7XqnwfwfCtwAcf6V2/3RX2uJ+Ayzhf7HL5Fy6sge1Zd5YAZIFdPcABsD8Kz7wDFedUPjqGImnY5iaEp2qNR81aV+o5rOJAauOW57FObkiaGnuKZCRT2PaiN2S9yPHtUVwML0qxUdwmVrWxUZamRdMd2PeiE8dKsvalzwKlt7F+4rW2h2OrBRKbk1HubdWwNOJXpTf7MO77tGxCxFMowyMMVbgnINWF07HUUrWW08Cs5NGMq1ORPa3DFetXY5CVrNWPZU6ybV5rFo5JxT2LJYnilI+XjrVUSZPWrVu24YqqcXc1owuxYT2q9ZkhgRVZYRwcVbtxjpXpUU0ehCGhuWchKA57UtyzFetU7WfavpTprlSvWvSi7oUo2M/VSdp5rlNYUkNnmunvnDA4/Ouc1dfmNTJijdWOXvo8EkVR5ElbF4gJIrPkiy/SsOY9KjU0Lmm9RXUaJ1FcxpgIcCur0NelYSO+kdbonQV0MIPl/hWFowAC10EI/d/hWNzsic1puhQiNWZckjvXRaP4dhK72jHtUtjCDIoPQYxxXUaPCu3H93k18rWxk+5+0YPI8PBJKJhv4biK/LGo+orO1Dw/ABj+Qru5EHlnn8MVj6mi8ngVnTxU77m+Iymjy/Cefapo7w52jP8AWtH4X+JV8N609peMV0+8YFz/AM8X6B/p2P8A9atXUkzD7jpXH6zGjTbgB6EV6lPkxVJ0quzPi82wKwz54HvEeg+HLu9GpS6Nps11IwlFy0CszN2bd3PTmtWY4lDE/erw/wAD+NdT8OqtrIPtliD/AKlmw0f+43b6HivSdI8c+HNUhAXUEtpT/wAs7r92QfqeD+dfN43J8XRls5R6Pf8A4Y8SFai3o7PsdlZz7e9S32naDqcyz6po9jeyqmwSXECuwX0ye3JrnYtWtMZF5b+xEy/41W1PxnoWnITdatbKR/Cj72P4Lk15H1GvKf7tO/le/wCBNenBq82rHoCX8UVukMQVI41CoijAUDgAD0rifif42itoX0ezmDXEgxOyn/Vr/d+p/QV514w+LM9yjWugxvbo2QbqX7//AAFf4fqea4RNTkMheSUszHJJOST9a9bA8N1ab9rX07L/ADPLqYmnZ06T+f8AkfQfwj1CZfAHiq+0ksdXhhQRmMZkSI9Svf1/IU3wdJ4l8QabY6dqMsh8Oy6mkbzz43K5PRGb5uenHqa8U8PeMtU0HUFv9Jv5bS4QY3xt1HoR0I9jVjXfiRr2rrbx6hq80kdq2+GNSEWNs53ALjnPevZlTkoq99OnR69f1Kp4a60PfLyTT9Vl8WaPNoq6dDoVu0trcqz7ozGNqhiTg7gM1ME8PHxto/huXw7YPFrGipNLNtIkjbYTlfQkjk9a+f8AX/if4n1fTZNP1DW55rebb5q8L5u0YG8gZb8aqzfEzxMNes9ZXVP9O0+3FtbS+Sn7uMAjbjGDwTyea2pv3tvwW1/8tDGthuU9cktrLTPAWkzWXheHXJNXvJYr28kRnNoFk2gDb93AGcnjg+tcL+0ItlpPxM1Ox023itbeFY/LiiXaq5jBOB9ap+A/ibo+k+H5dO1ax1ppZLkzyyabqRhS6yc7JIz8uM9duMiuU+I3imbxf4wvdengWA3jgrCrZEagBQM9+B1rslRi6SS30OOMYxlsfQFrp3hk/Eay8JN4W01oNU0FLl7hUKyxuEJypHAyRknrTdE0fT7Dwh4bjtfDFvqw1hy19qMqM7W5EgG0EcLgZ68cGvG9J8deKH8SW2utqmdQtbX7LDN5KfJFgjbjGDwTzjNejfDPx1pOmeHYtOvrDVTJHOZnNnfmOK6O7cBIh4HOM7euKzk6bla1vl6f8EKlZJbnot1HZaHp/jdbbTrZrW01G1KWhUiIjA+Ugds1r2OhaFP4mt9TTTool/sRdQFlFkRtLnGQBzgegry6+8U6nq1xqz71ht9YnE1xbqAR8v3RuIzwKvWfiLWhqFlenUJFmsIhBA8YClYx/DwOfxpe0iumn/BZ4eLxkOp2XxHh0KfR7LUrF7Y3RkMUn2WGWOGROSCocdR7HvXFyBcHAq/428Q3euam0rXN01pGf9GinZcxjHPCgDJPfFYUlyV4auLEVLzbR85iUqk24luN1STOa2dJvkUqC3Ncq1yvUPUbXzI3yvXm1swnRV4nPHDyT1R6jZ6kvl/e7etVtX1iYLtQ4FcLY6zNwobNaS3zSJzWuH4jlJ8rumbuMktxdUvLiVTlmxXJa8k7biGbNdJPcbeSufaqcyxTZP6V7uGzONTcUas47M4eS8v7JuSxWmeINcN54Wu7LeVeZVXk4/iFdRqlhC0ZyBXHeLtPih0q5mA6JXprFuNuVnfRxLbVzj/i54f1TQvCt1b6hZSQLHexxq7rjeQCf5MPrXkNxvLAtjIAFdxr3iLW9esNaj1bUrm6S3kgCLNJuwVbaCB2+XA/CuHlGCBnNe1L2fO/Z3t5n0tHmUfe3PUPgaN3ha5z2uz/AOgiu0CAc46VxvwF58N3oH8N3/7KK7nZxya8SvK1aSOCtK1WRDHHvmVAudzAYFdjpMN1IwFrbPgDAFZPgCCOfx1pUMoyj3ShgfSve7bTrWFiLaJVweoFSsROHws9DBxjKDbPHr+y1TzlSWFk39Mmkni1HT/9HmhkwRxxmvVfEmiJeX1tdvN5awkEiq3ibV9FguI4J0iJwApIFJ46pHc7fYxloeM3clwbncyugU5yRXR+C9Fl8SapEkUwEakb2Jrtte03SbqCNRboXkXjatYPjLw5e6B4bW/0qdrbJy+3jiqjjpylrsS6MYrTc9UXS/Dmm6RHBMtvI0YxuYjrVVdQ0PToWuN1ooHTbjNfMmueLb6RY4/7Unk2vhwCavf2hGdEXVGmuJLXzvJYEnhsZ/z9KiWOpU7cy3dtQ9m3rc97vviHoMEZzcr+BrFvPizpUSskMm4V4Ymu2Rvios5JYwM/NVhriS5YNp+ht+K1osbL7MUHsF1Z6nc/FxN7CJGYfSsHVPijrNwzLZ28nPQiuZt7TxDOiCLQSvqdlai+E/GOoWvk29ktsrH723mr+uYiXwgqNJbhZ+JfFF5cpdPOYQp+VS3U1S1rXfHdxdEmULHnqWrpLT4X6q0KC+u2EgGRg45rV034c3sKqbjUDJ6qaiMqzfvGlqaVkcP4BfW2126Oq3fnRtENo/unNd7YUmteHItD037UvLGVVz7GoNOnHHNdVFPl1PMxaXtbo5D9p8lfBWmxr0kvufwQ14rZ4juEYnhXBP517Z+0o+/wXp4Xven/ANANeKqny9K/oPw+pKWQRt/NL8z5/FStVkv62R9beJNc+GsnxB+IljPp80N3caRbyapfNeh4b2HfbM6xp2O05454NcN+1bH4ctdH0u8jg8NLqKa5P9gTQyu2bSQFMJm2/wAWR355NePeDvCXiTxZftZ+HNGvdTuEALrbxlto9z0H41P428DeLPB8kUfibw9faWZv9W1xCQr/AEboa1wfD9DC42mliryivhb1fuqO17pabWelktgqYrmi/d+fzue6eP8AVLWTxFqfxAj+KtqdB1q4097LQ4ZPMkZUliYwyxH/AFQi2sdw9PerHi74keEtdi8RPqusaVJdR3HiCw0+RIlBe0lgVrcZA+YNIDgnua+e/BvhXXPFmvRaN4d0ya/vZ+ViiXoO5J6Ae5rr/HnwK+JPg7w++t6xoIawh/181rOswg/3wvKj36VnUyHLKNanQr4lKotIr3Yu1klot9t+v4B9YnKLajp16nX/AAd+I3grSvg/oHh7xLN5zaXcX2ppbhCTFexMklr+EmZE/nXRx/GvwePEUuryapN9pnvRdNItuxKs+kGBj07T4H69K8E8B+Dtf8ZeIE0Xw1pkl9eupfYhACKOrMx4A9zU/wARvAfifwJrCaX4p0qSxuJI/NiJIZJU/vIw4IrqrcN5XVxk4Sq/vJ8z5eZXtJ3bS7C+uVOVO2mmvoevw/HXS4vCugv/AGpqZ1q3k0V9UnVSHuBbPN56s/8AFlGT69O1eb+Jrz4Walqupars11rq9e4uBGgVIxM15uQD0VoCc+jAVxHlDqB+FHk8162C4bwuEm50HKLe9n+G2xjUxTn8RsW/iOTwp8QL3WPh7qGpaba+a8dlJIwE4t2P3XI4zgDNWvjZ43vfiP8AEa98U3sTQ/aFjjhgLbvKjRQoXP5n8a53yf1pywivYjluHVeOI5b1EuXm6203fy/q5Drvl5b6FdY/StHw2hXVoz7Goki4yRVzRExqUZAx1rzuKaXPkONj/wBOqn/pLM41ffR00Yqvra7tHvBnrbSf+gmrUY4puoR7tPuFPeB//QTX8VRptTR7kqh87r92vUPg2+3wzdKf+fkcf8BFeXj7tehfC268nQ7pezTA/pX2db4DrzhN4KdvL8zrbp/mP1qjcsCDSSXIbJBqrPOD3rzqiPiqVFoq3gBzWZMP3mavXElU5CC1cMtGetRTSEU08EZqLBNTQoe9JaGsrIeqMTU8duX4p9untV61QZFaRk2clSq47EVrphbBxWjDpYAGVq9pyDArWghBXpXXDU8evjZpmA2nAfw002IH8NdKbUHpg1BcWuF6UpxMI4uRzslso4xVWSFRmti+h28isi6faea4pJ3O6jNz6lO4jUVnXj7elWr2X3rNun3VUFc9ehB9SSGVmbBOBWtp+AuSaxLVwG5q/HOVXAau2nBJaHdCGuxsiRcZzT43A6GsdbrAyWpVvD2NddI7IxNaa6CDGar/AG3Ldayrq76kmqn2znrXUohODtob01wCuQaytSkByAag+2bv4qrTzA85qZM5mmitcDLVUZRvq1K2eKrt97FcrN6dyxZINwrqNDU5Fc7p33hXTaKACprKT0PUw7ujq9G4Va37f/V1haT/AA1vW4+SsLnox2LOm48xT7V0enMEye+PzrjtLvUKrlscCtm31i2jUb35HSvi6sGf0JhK0Gr3Ogknj2khsH3rD1aYLuG4YPvVa81FJQWikGPTNYup3ZLZYk+nNFKGu5eIqRtoTaldqkO0HJrl9QP7w8/eNW7247u34VmSOZJNx/CvdwMbM+Fz6pGcbDo8GiRAV5FOhpZB8pr3YM/NcZpcpSJH02r+VQyYHQVNNiqszgCuhvQ8Hm1IbiTbzVaa8I60l1J6Gs+6Y7axlFM0hWcWWJtSI4JxVOXUfmzurOvHcNVF5G3Vj9XTPSo5g0joF1Dd/FT1uix61gwSNV61Zm61EqEUZ1cbzGtDLk8mrluSzVnWoPBrXsY8rS5UcFTFWL+lvtkXrXV6HKS4xXMWceWHFdJoELeYv1qXh1I8nEYxydkztdGYBRWqj+hrE087UAq2suDyTWVWioxOKUJTd2XZrpk681k6pqm1sVYmfcmM1l6hbGY4UV8/jJOMXym9LD+QQXUsr5J4q8iM6hs81V0rTpCwz0963oLFlXjmvEjhnVbb2Np0uVbFaxRvM5NbtrgR4JFZflNE2akW5ZVoWWtSucU4X2L9wUI4IzVGYsrHBxSLcBm61NsDrzXr0aUYI45U5JmTfXDhTXL+LZfM0K93yBMREjI6kEcfjXUatH8pwK4/xihGhXhPQRk16NGp+8gul0b04tWPGrdczeJFxn5ojj/tqP8AGsO8tQb4RWZMyuu5QByBjOD9K6G1X/iY+I19ViP/AJFSuYUL5mfNaPG75vU+lfaU7XPrdfwPUf2e13aDqQ9Llf8A0GvQDlI2TavzAcnqOe1cD+zjzo+qL/08Rn/x016FMh3V4GKbWIkeXiP40i58PSI/HmlSMQFS7QnPcZr6CkuMkeSgwetfPHhUrH4u02Rvui7jz/31Xts2qyPdeVBFtVT1qU0j1MBf2b9R/jafUH0torCDdIwwD6H1rzy/8MaoFt9Q8RO/kqxLFW5U4+X9a9Osblr2by1YbgOfaql89q8ktvqMivAylMHpXNiYupTahKz6M9GPM1ZGZfa/4f8ADGkWurapN/otwRHbOF3Fjj0rc1GC08Y+F1nsblJrW4jzEUPB/wAK+dvjIt9ZSW2nmZ5bW1neWJCTtGfQen+Jp/gXxvrnhGOzurCVP7PnlfzYHy3DdAfTDA4+prlwuOjeLqxstn6o8Svm/s8RKlNWS6/10PQLH4OmTUGFwyIjHrVj/hA7X+2pvBkUuNwF1k9CQD0/Ouo8M+PNG1TQ7XU59StoXlj/AHq+ZgRv3X1rh5PiFp+kfEo6ndXIks9QxGsxO5Ixk9D/AA115pQwlqFnvNP5LU6Xj7RTb0NXRfhQserL9raMRKevrXc6za6D4b0JRbWULXE7CCAbckse/wBB1NeN6H8UtUsPEmqR3DNqVhJNJ9mIP+qySVIPpjHFYXijx74j1m+jk84xSwD90IhgIxP+fzp4jHYWnQlHD/G9PJed/wAjjnnUHG7PpTwzpVvZaRHCiDc5MjseSWbknNOvp7e0mAd/m7AVwPgP4p2tz4SVdZxBfQKsQ+bJlwo+c+5OaZb+P/D0KtPezGSRjwM9K93AU6EsPBxfu2OuNZyhFwWjPRIXtZlVvvZPNMvFidm8rA29RXmknxR0CK8byy23HrVK4+MWg2cqFnYiZsMB2rpnTgloy4Sm3sdh8YI/J8FmY44uI+n1NeeafdgY5p3iz4k6Tr+jzaPbPI0skivGT0wpya5+1u8N1rNcrWjM6yfNqJ8cX+0eDrRc523gP/jpryryiP4a9J+I0hufDMaf3bhT+hrhTBxX9CeGy5shXlOX6HyuZVOTEteh6e3xaTwt8D9B8I/Dy4m0vU5/Nn8RXyRhZXlLfIiP/d29x7Cum+FviHxL4y/Z4+IkPj28n1LRLDTln028vvmaG9DfKsbnkk8cf415Z8ONbu/Ani218QSaBa6gPIcR22pW5MMyuMbgCOcdiPSvbPC/jCy+Pui3vw71fQ4dCvobKa+0ebSpGjtzLEu7ZLF0II71nneXQwkeenQvDnU5Vrpyj793ZaS0230j0diqFf2ia5tbNKPR6fd5+pzHw1v5/h3+yXq3jHSD5Gu+KNX/ALKtrtfvwQIu5yp7HrXN/s1/EDW9A+LWmwahqN1faTrVytjqtpcytLHcRSnYSQxPI3ZzW9dwPqn7EdmIBubw54skW7VedizR/Kx9s8Vwfwi0e51j4qeHNOs4y80+qQAADsHBJ/AAmuuhg8NiMHmFTEJNudS7e6UV7uvS0bNfeRKvKFWnGO1lb57/AI3R6d4Ch0bwJ8WviV8NL7Xh4d/taGTT9M1ls4tSsu9AxHIDIcE1i/tGalodp8PPCXgHT/E6eKb7QnuZ7vVY2LonmkYhRjkkDBPXisj9qi5t9U/aI8W3VsytH/aLRhl6EoAp/VTXBrb4XArqyvJXXlh8yqzfM4xk1ZfFyct72vs9r2vqY1sZyxlRS02+V7lPyjxxSiHNXfJ7frTli6ZFfYqJw+2KXk+/6UqwcdKveR8vSpBCB0Haq5SHWM/ycL0q3pUW3UI29+9TNEBjiprGI/bIyR3ryM+hzZPi13pz/wDSWKNa8ka0Sf5NOuEzbSqe8bD9DU0SdqWZAyMPVSK/i5UtUfTSlqfNDDBYehNdR4NuPJ0uQA4DSA/oa5m6GJ5R6O3862PDpP8AZbAf3/8AGvo6ivE97FRU8PJM6Rb7tmo5LzPeshpWFIs+etefUieIsLHc0muMng0I+TgVQWQ1dsAN2TXFOFhTpqCLlvEW5xVgRsOgp0DqBgYqYHNZPQ8+VSVxtuCGwRWjagcc1SBAHSpI59pzRFnNUTkb9i6jFatrMBiuWtbsetadrdfL1rupO6PIxGHdzoI5kBwQOtFwyOMA89qxWvdtRyah71c2YKjNk+pBTmue1BQWyKuX16WXg1j3VySea4ZJtnp4SjOJTvkrLuQwNaVxLuqqyB26VrBHvULrcqQl16irMbllq7b2m5fu1J9gK8qK7aUe56dLXoZ7bxUM07J3rWe1O3pWXqlswU4FdcY2OqKuZ11eEnGarfaT61XukkWQ1AGIq1Jmns0y99pIPWpUudwxWdup0bYPWpkrmcqKNDf700n5qrrJ705H+brWLiZezsaunN8wzXT6OeBXJ2LYYYrp9GbgVjUWh2YZHYaQfu81v25/d1zWjv8AdroLVv3fFcx6sNTk7O7kIGGNXY5XPOTWBpsw45rZs2yuc141ejyvY/UMBiueC1LiySDkMahnkmOeTUsYzSTAYrk9n72x7Lr2huZsysW5JNM2kVYnHzVHXr4WGiPjc2rLUVRiknbCU8ZqG4+7xXqwWqPgcfVWpTnf3qhcScHmrd10NUJgT2raWiPBjK5UmYiq0nzDirU0ZPNRrEa4qlSxqjOuoNw6VnTWxVs4rpVttwxiq9zZ57VEMQK9noYduhB6VetiOOKWS329qaq7WzTlPmDmuadqR2rY00g4GawbUmtjSyQRXJKq4HLWi+h0ulwh2Bro9Mj8uRcdO9YOiEHHP1rp9Nwy1rDFRa3PNVP3jbsVGwVPJHmoLNSFFWH34xUVayaO2MVYYEzxUghVVx3NNj3+YKl2t5nPWvn8XUvsdFNqO5b0m3BbmtZVCdKp6YCBxWjHCx5rmpXMKlVXKN9GWG8cetZ10Nq8VuzR4jbIrHvwNpGK9KEFJanDKqkzFuLton4q9Y6lvA3cVRuLffL0pyWjDoKydFqW5LlGTNC8eJkypzmuW8abW8PX+Rx5BzW20MiL3rI8Uws/h3UMjpbsc/hWlKfLOPqvzOiFJdDxGzQ/25r68fNBGR/38jrkrhdrNj/now/Wuw0vnxTrY/vWiEf99x1yd4cNJED/AMt3LfnX3Mdz6KOyPUf2cVH9m6thsnzIiVx04avRZc155+zjL5sGrRhQNiwjjv8Aer0ifLMSR19K8rE071pM82sm6rItLYnWbGMnAW6Ug+mSK9dh0nUZbw+TNmMnlhXjqjbeQt0xIuD+NexfDm/nkZ0ll/dx+prkqq0lc9XAO0JI0tN0W4067843P3vvUkWgx3GpPcTz7oy2Qua1rh1nYDOQaa0CxxjazD8ar6vKydjq9qr7ngP7R1m7/E+S3j3AfZoViVfulcdT6c5rkNH+VLjR7hv3Fz/q5cf6uQfdP0zW38WfEer6h42uk1BY4jZO1tEijnYDx9c8V0fwu8GX2p+F9Q/tTSpLeea5t3t7mZMDyCwL4HbgH86+WzXFQwqlKo7K/wA733+R8lHCyx2OmqL73utPT5nC+HNF1W+v57G20y6uJvM2lY4yV5569K9Bb4Q+LrjS7dfKsY0kVWlikl+baWwwI7ECvYNGW/lmjtvCmnW9pp0MzwyvPHskymFJA6+9a17BnW0uvtjeZCBazRpyMnls9vxr4PGcVYmVRezio9ddX8+x9Rg+GcPCHvycn9yPJW+D1gltcw6NqaoVUkeY+8IQ3Q45xjuPSvONXsLnS9UbTJrdoZ8swlkUhJBnhlJ65r6H07xBYQ6zLYC0a1htUkZ0ePa0j7uCuOqkZNO8f6bonibT47DUVhlFw3nWdzGAGtmwAMd8bsZ9qjB59iqNZRxScovr1Xn597GuOyPD1qfNQ92S+708j5w8ESQT6r9mu5BcmV9kY24IJPY/nXc3/gqJIy0saIOPvHpnjn8SK5b4pW9v4NvJLO4nEmqWsuIvJXaZSRuV19ulYGk23jLWLh7zUb+9h+1qY2aWQjcpwcbfwH5V+pZfjm8KpxV4vZ9Hc+eoY54On7CpFuUdDr38MSGBpUs8xq2EKoTuqnHoExmw3h9mCt8x29a9V+EkOr3PhOZ9UuY51gcQ2z7NrHaOc/mK6HS7KRZW+0Oh3HIAFepg4YidNTq217Lb/M92jW9pBS7nhesaBdWOmrqTWAgWHhzjpngfzrOt7rHevZfjbFFH8O9TKY+6h/8AH1rwNZ8HrXrYenyQZz4iV5Gvr03n6aI/+mgP86w2h+XpVxZfN2xnuf6U5ovav6I8M5L+wmv+nkvyifCZ5U5cZ8keo+EfEnw58bfDPSvBfxKurzRr/wAOh4tJ1u1i8wGBju8qVfY9Kv23iT4WfCfQ9Sb4eale+JfFGp2r2keo3EPlw2UbjDFR3P0/OvHWtweMUiWwBzivfqcN4epKUXWn7JvmdO65W27vpezerV7HKsyaV+Vc1rX6/na/na51fwP8ex+CLzUtO1vShrXhvX4BBq2nM2C4BysiHs6knmu60/4i/CL4fw3WqfDDwzq03iK4haO2u9WcFLDcMFlGeSP8mvHmgBHSkW3APStcXw/gcVWlUm5JStzRUmozttzJb6aea0ZFPMpwikrXWztqvQrS+dcXElzOzSTTOXkdjyzE5JP1NJ5XGTV1Yu1O8rnpXvRlGKstjidYpLDTli9BVxYqkWHjkVXtEZusUhF7UqxDPIq8sGRkUqw9xR7REe2KPlHNS28eyZTjoatGH2oMeFzXn5tLny7ER7wn/wCkscK3votx806bhcUyD7vSpJhla/jdRvY+2kz5n1IbdQuF9JnH/jxrd8IRF7GQbT2I9+TWNrQ26zeL/duJB/48a6T4bo1x9oQknbGuPYZNexbRHv4qfLhJS8hLu2I7VnTIUauuvrIhfu1i31mRzt/SuWtCx4+HxSkZkDndzWjbyECqLRlW4FWLcmuGokzoq2kjWt5CQOatLNhetZsL4qVZM9DXO4nnTp3ZdafAzmq8l2AetVbibbxmq6uXbrTjEcKCtdmrb3ZL8GtezuTjB5rn7WPuK1LQkYrphE5sRTgzWZyVqrcOy5qaEllqveYGcmqlE4KcbSsVZJieM1TumJ6UtxKA3Wq7S571zyPTp07dCLcxbFXtPh3MBiqagHmtjRVBI4q6cT06VJGpY2QKjiri6du/hq7pEAKjitq2sc8gcV6NGDOuMbHMPpgC8isfWNPAU8V6LJphK521ia5p2FOFrs9m7GyPJ9ZtNpJArBuF2sa77xDY7d2RXG6pEUkbis5RsbRM4MaN5pjHDGm7qzNOUnWQ96ljf5hiqimnxthutTYhwNizk+Zea6jRX4FcfZP84rqtDfOKwqI2pRsdhpDdK6C1f931rmdHb7ozXQW7fJ1rmkjvicFpZOeprfsSdvU9aKK4cVufbZR8CNCInHXvTJmOOpoorg6n0EvgKkxO7qaYpOetFFeph9j4/NN2OYn1qGUnd1oor0aZ8HmBSuScVRkJ9aKK0nszyqexE3Smr96iivKrHT0LMP3qiu/vUUVxLcmexnXf3jVP+MUUV1U9hRLFv96tnTz0oornxGwqu502j9B9a6fRWOepoorzoHnL4zobEn1NWmJ3dTRRXT0OjoOiJ3jnvUtwT5g57UUV5tbdilsaukk+vatfJ8nrRRUU9zhrFS+Y+WeTWHdM3zcnr60UV30zjluijk/aetWwTuooqaxS3C4+4ayfEn/It6j/ANekn/oNFFckf4kfVHp4U+f9NJ/4SzVf+vBf/Q465PU/+P64/wCvh/50UV+hwPfjsj0/9mUkDWsHtD/Nq9QlJ9aKK4638RnBX/isqzMd0PJ/1n9a73wPI/25hvbGemaKK4MTvE9LBfDI9E09m3JyenrU+oM277x6etFFeg/40RR/hs888eWVlP4psZJrOCRyvLPECevqa9O03hmUfdCpgdqKK/JPEv8Aj0fn+aO7Jf8Al76mbb3FwuofLPIubyTOHP8AerJvrm5TSZWS4lVm+0liHIyRtwTRRXwuE+Cr6L8z347MteD0STxJqDSKrFbW2wWGccGtuREXWrgqig7uoH+zRRWOJ/iP/CvyRMvg+Z45+0DFFN46t55Y0kljskCOygso3Hoe1eW6pe3n9swj7XPjyVOPMPXHWiiv1LI/+RRQ9D8+zr/fJfL8z6T8GM3/AAiNt8x5jUnnqcdamtXf+1kG9seX0zRRX6bH+DE9antH0OV+N7ufBGpjc2PKXjP+2teA5O7qaKK26IzqfEy3ppP2yPnsf5GtRifWiiv3vwz/AORJL/r5L8on59xD/vvyX6hk0qmiiv0E8IXJwaFJoooAFJz+FOyd3Wiin1Ex6k5p6k460UUGTFUnPWpGJz+FFFDIYmT60khPlN/umiiuPMP9zrf4ZfkOn8S9RbYn1qVyfU9RRRX8ex2R+gS+I+bfEX/Iw6h/19y/+hmun+D/APr732jX+dFFetHeJ7uP/wCRfP0/yOvu+VOawtS/ioorOsfJ4PdGDdfe/GiM8UUV5NTc99fCTRk7etTRk/pRRWLMZFa6JLdaW1+9RRVR2NPsGtZH5auQmiiuqnseVV3ZoWxPrVXUCdx5oops46f8Qwbwnd1NQZODyaKK5p7nvUdkSQk+prd0MncvJoorWkehE7XQSdq811en/dFFFerR2KjuXpf9TWDrf3Woors6FdTgfFH8VefeIvvNRRWFU1huYEh+Y0wHrRRXMdQoJzQpO7rRRQDL1iTuXnvXV6CTsHNFFYVDSnujrtJJ+XmuggJ29exoormlsdUT/9k=\" width=\"800\" height=\"450\"><figcaption>Ảnh sản phẩm</figcaption></figure><p>&nbsp;</p><ol><li><p>sản phẩm uy tín chất lượng</p><p>&nbsp;</p></li></ol>',50000000,5000000,10,'iphone-15-pro-max-xanh-1-large.png','2024-06-09 16:54:33',4,42,0),(52,'SamSung S24 Utral','SamSung s24 là sản phẩm uy tín',_binary '<h1 style=\"text-align:center;\">SamSung S24 Utral</h1><p>SungSung chất lượng</p><figure class=\"image\"><img style=\"aspect-ratio:284/177;\" src=\"data:image/jpeg;base64,/9j/4AAQSkZJRgABAQAAAQABAAD/2wCEAAoHCBQVFBcUFRQXFxcaGhsbGhoaGhsXGhsaFxgbGxoXGxobICwkGyApHhoaJTYlKS4wMzMzGiI5PjkxPSwyMzABCwsLEA4QHhISHjApJCoyNDIyMjIyNDIyMjIyMjIyMjIyMjIyMjIyMjIyMjIyMDIyMjIyMjQyMjIyMjIyMjIyMv/AABEIALEBHAMBIgACEQEDEQH/xAAcAAABBQEBAQAAAAAAAAAAAAAFAAIDBAYBBwj/xABJEAACAQIEAgcEBgcFCAEFAAABAhEAAwQSITEFQQYTIlFhcZEygaGxI0JScsHRBxQzYpKy8BVzgpPSFjRTosLD4fGDF0N0o7P/xAAZAQADAQEBAAAAAAAAAAAAAAAAAQIDBAX/xAAsEQACAgICAQMEAQMFAAAAAAAAAQIRAyESMUEEUWETIjJxMxTR8DSBkbHB/9oADAMBAAIRAxEAPwDVKakWvJOE9LsTZhWbrUH1bhMgfu3PaHvkeFbrg/S3DX4XN1Vw/UeBJ/db2W8pnwrTlZi4sPvULLTy1cakwRAyVE1mrUU8JU0UBr1sgiKme2ViedXrlmliLUkeRrNrY70U0eanQ1XVIqZGoEFRxi9lgtI21Cn8KoAVxadFUA4GnTSW2TyptAD67NMBrtADppTXKU0AS27hUyDB7xU93GuwhnJHdNVBTkUnQUAcpU97ZG4imxQBylXYpRQByuRT4pRQBHTkYgyDBFdinLaJ2FKgH3Mc7CC7Ed01UapWWmFaGBGRXDUpWmlaVAQmuEVKVphWgCIim1KRXRhnOoBjyNUB4iKeBW24j0FiTZcj91+0PIMBPwbzrM43hF61PWW2AH1h2l/iG3vikpJlUaLop0jW2os3X6u2JY3WW5fbcBbaoHARddwOVaZelOCa4US8cumV3RranwltvMwK8uRdG8v+paLdF+FJib62rjMqkEkrEiNjrpua0WyWkj1VGBgjUHYjUHxBqdBWGTgGNwsPhLnW2jJyAa7iA1o7sQwPYJOjd1FuGdJpuCxftNbuyi9gF0zXApVSN0PaAgzB3Iim0yUzSOtK6mvuNdY6xzBg+BHKnb1DHeincTVRG5PugTUNyxFEckvbH3j6CrD2QeVUo2g5AdFO1W1tmNvhRPh1mHEFI55lze4aiDtqfGj7YdD9UelTx9xrZlrHELlsZV27soNU7jliWO5MnSK0fEOEW7iMjCVYQQCVkeY1FD7+CjYUOIwTFdAolfwtsLKuS3cVj48qplKVBZGBSAp+SlFFAcAqaxdZDmUwe+mAU4LQBNicSzxnaY20FV8tXcPatkdtmB8BNQOgkxtyp0IjC0oqQLTgtFARZa7kqXLXctPiBBlq3YxrouVWgd0Dn7qgdlUZnYIo9pjso5k+VZPpf0ww9gAYe+t15ghQSoEGTOxMwIHfRSGam4SSSdyZNMyV5gn6RsRM5bRHcUYGO+Q1bbo30os4uEHYu5cxQ7HvKN9YD3GOVJJMGmgwUppSrvV1zqqriTZRNumslXzZp9jDIZzvl7tCZ9KOIwQwjWrf9uXhpnPoPyp2NsIJAaViJ23GvlQa2UtqqBiQoAljnYx3tzNS1QWEbIJ31q5b4WtzfT4/+qZbQAwCGHeJj4gGieGeK8eM2pHS4oxXH+hiF8lu0WJAYtb7JjXUgAgmQNxzrI3+j96w+a3cKuDs02nHhM5T6jyr0jpLcudYOrYqQg25zOlZvGX7i/tF3+sNfWa74ZNJpmUlumgfw/pXfsMqYm2TDZlYAI6nJ1ZZRGS52CwAiJaZrSNicDibau4UOUZkBYLdCW84CI2YHsk3Pra5FMHY0bS4S4gVLlzOcoKFFZGJdZGQtHeJide+hWO6NiSequW/FFMfwNp6EV1LI0tmXFXozGAxly0c1pyh55dj5rsfeK2PCumZEDEWyAdriDQ6wTkO+vNT7qz13gdwSU+kA7gVbl9RoncbTvV7hPFVU2rF+3b6q3IY3LfWNbz3Hd2VTtmzKCCD7AIg601xl5CVrwb7CYy3de29tw6w8kcj2NCNwddjVvHXSoBAJ1O3LQ6nwkisniOAo9gYvAdZ1kjsWwyj2srQpJZCNTBdpA00Iqx0e4tdum7avkE20U5gIbtxoY7J0jlTbUVbCO2ajB3Tpm35kaCZgetGbGJjy/ras5hrgaArBiNWMQZDZiMsz5edXUeI+PcdBv4/lVqmgdxYWx2LK22dPaA2I0rNJx645IZACN42jvFF7zTbbyHxYUB4lZZIZEL94BAaI3Wdz4VyzlJTpdG0Vyj8lg4ueVWLCIyybgU9xDH4igouLGZSfKDIPcRyNNs37jGFtXD7gPmavZm0E81dFcwrhk7Vu/n1iEGXwmdaetu5zt3B5qaqhCUU8CmmRup9DSZ9CdYA+yT8qdATIskAmB391TX7KrEOG8p09agQEgaH0NT4ZAwbV8w5BD86YEYWkBTmQjcEf4TUVm7IBIbX90j5imBKBXctcD+fpTgSeR9KAPNv0lYq7cvWsIjEKyq0DmWcqCfBcsxRLAcAw9u2qC2pIEFmALHvJNW+l3BXbEYXFKrHKxt3BlOgyu1t52jNmB81qvb4souBCsb65hy0PKOY9a5PUcrpHb6VRq2LF8FsOuVran4H3EaisP0h4acJcS7YJWGBUySUcfn4+NbbinEWU5bYHiYLtsDoAwA350K4taNzDXMwkkTtGx3GvhWGNyi17HRlhGSfuegcExvXYe1eIjOiOR3FlBI8pmiECslwjGPbs2rSW7jBERJCNByqAToO+j+CYspa51lvw6q4Z98V6akmjyZJp0wgtqROZR5kCqlxwKpYjHqgJJP8J+UVnMT0lSD2iTJE5GHPsjXnED46UOSQgtxO4SCA0UD/ALGvv2hMeOUT4gEzFEuj1s3nZ7ikgJKgxAMjUzpWitgR/wCazasfRzFcWCXxYyzKAzzBIJ9Iq5YuyKA4mxnxTXZ0CjKeR+iC6c/aJEUYw2wrh9S6kq9jbHtMF8RxSriYLAEgRPPKJPlvUnELqskaHTwNZvpa/wBLJ22+C6beBoXZ4jcW1nzEmBuSeeg18DV48MpRUkyJzSk0E7eHAZSBB6xfgwNHwWI1J9ayCcVK9VmE5mnSB9UmPhWmwGMFwbRrBq2pRWydMtWLYW4CUD9k6ETzGtJ8HZuE5mVCNBIY/Iae6KsYFvpT/dn+aoL9vtms1PezRoCnom1xC9th7TCAxg5H0IJggSswZ2FP4U7WLt1r4Ja5GZtJkEklhpvI5VoeHpFuP3n/AJ2qrxG6VuIBEOVDSAZUZjH9d1bxyNpCjFN7R23hrNztW3AO8Dv78p1HuqXPctiXXOonUT8x4D6w99BrGFQrb9pXZZBBgDKuYk+eYelXbGKv2wIIurE66NGkie/XxrZP/EaOPi7/AGH7pi23mg/5h+VRLYW52W7pFVsPjxctMQpWHQEHvmdD7qhxuNa2UZe+DO3LSsG1LKTTgqZYuYIq2pDGd+cQd6vYawEBY7xAqHC3RcAufaJMd0aR6AVYuPO5rpa0Z8rdkmHq1Jiqts1OHoENazNNTByCI0NS9bUlq7QAkwkU+1hypJE9repRcpjXDRsejj22NQLgcogbCpxdNOLmjYaKf6qRyp6Ainu5pmagRW4za6yy6mTADjztkOPPUVgsQlvfLM935c69FLV57xzhr27hVSUBOZGEarPs6jlsefPSa5vUxumjs9LNJuLKzXVLki3ppJIABgRv36Aa1zEnrPo1XVuyB4tp+NVXwztAYZQNyCZMcpmY76JdH0D4q2OSy3vUGPjFckY3NI7ckqg2za8OtG3bRJ9lQPfz+NXHxLRvUIprV6ipKjxm23ZTxJZtCZ86B4vhgfQqImtC4quw1oZNFTD2er9kbiKAYnh2PdixxYTXRbagKBy9oEk+M0cfEPcANpQFIBDvOoOxVNz74qH+z0OrvcduZzFfcAugFDSBMu4XCltz8I+VEb3DQqZkZpkSJ0g6Gu4bSravIivJg5VtnW0vY846S4Yu9xpPZBgDeQYzHQiNaD38Eww6kkjRQum+up+BrRcQsW2vXAwaQx1BgRmNR3MKrAKbhjQDMRHgNq9HBGsa/RyTf3MyuJtFbliTocxjyWJ9+targpMmhPGMOwu2mJDHt8p5KAPjRPhWm+58CKWXqhx7DVm4RcJ8FHqxq8MWWXkfa3G+4/Cgn62LRYlSwOmnIRM1J/bFohtSo13HKDp61OL8djnqWmH8KwyLHMv/ADtQbjeONq4vYDLodeRHceRIJFS4NOsS2yssaERPaUwQWqvxRQCuZFMXNtSI6okj5HzpbUkkqN8aWt38FW1xK1oSGXLKqNxkZQpB56R8atjFJAKurFRHwDDTwCa+NUcTgrQYCGEn6pkQUY6Zh3pP+LwqFuF9rKGAjv3PbcRpIBAWr5SRvwg/NBPgb/Qt43UH/K5/Ciy2w6srAEHcGfXMPZ9KE8Lsm3ZKmJ69QY1GlpjRjBEwT2uW2vqKxx/yGXqO3Q7BWDbQLP1jGo20A2qUtrXXbb38o+FMc13eDktslV6eHPfVcNTg1TYbFisalpc9xoG3iT3Ac6KYMqyhgZBEg94NYLpBbdb9u5cBuWQR2RoB3z/WtaThVu+RdbrAyOv0YHZIlezH2NNPPXzyWR21R6c/SQjhjNS29/H6NMFFMdKG4frF1Fq5uJDXQ0iGGmZoEEj+hUWLtXmbMUulSNFS4EKnKszDAHWeffV8mjl+lbq0FUSpcooNYs3wxLFiuuRQwlSds32vXTu51X4eMUjEuHZQB2ZBJOoMS3iO7ak5u+mUsCpvkv7hi8lVyxqvdN8hnWVJaAjwQFIUTAMAg5jvUqpAAJLEczufGrUr8GUoV00Oz1lelGMzXFw+UgqouB53LFlyAd4gE/eXTWtVlobxngiYg2yWKMh9pQCSvNTJ2/GO6pyLlFpBi+2SbMHdwrne40VJhr7WXU2hNzUKDJzFlIggEE8zuNqKpw98/Vto8we773lGvlRrhHR9LVw3GYu/1SRlCjuAk89Z7/JY4MeOUpfo9HLOKhXuX8NaulFzuA+UZgBpMaxJ08tfM709sNc+38BVk0pru4o85g29h7gHtj0FVcBcLqpY6mPjFG2OlAsAhAUEQQ8ejCklUlRLWjQYPgyoiKxz5VVe4dkATHu76JJaAEAADurMY/i98YtbKkBM6AwoJynLmkmdNTWozVTsEkeZ4fpNcJXRCpDGYM6Anv8ACtLwbHdaisRBJPlpXl3Cb0XOrM+wzr4gkofiDXo3RxctpNI9o6+JNcWWMYpUVCTfZn8bc+kuN3sf6+NVnxMtbWDqw38ATTcbxIIXXKTry7zVZOJrcuWyyMoViddtorrxtqK/RhP8mWceme/ZWYhXb0a2Pxolh8HBPa591CsTi7b4m2VMBbbyY2zOkefsmjFm+DqNuXlU5NouBYwiDPcBIiVBkSCCF0ip8Vw+29twVGikiNCCc01Uw2KRXfOdC3yUCp8dj7YtuVdIynMSYMa7eUk+6lD8RTWyfh9lbdu0F2yKPcEWKocW4fcuszodUOg2LEqswfID1q3hrylLYBBhR/KtR2ccouOhnefjHwikvulRrCXCmuzNPirmgYmULb6mSADIPgKIPi71sjrEBzKsTI7O+kHvOvjUnSAKblqIlx2jpr2gBMe+jPEEDIy3F0CMwI5MoO3dtQovdM63kX22uynw64Wshm3bEMfS0351eW9l5r7yyn3EaetUeFfsLf8AeOfRAPxohbvlZIJjJcMcpAUg1jjv6hGWrdouWO2AZ7+ebn3iuva8fhU1tu0I7hTru9drbSORJMrLa8RT1snvFOFPQ1HJlcURvYBEMAR3HUVdsgiKrGrKmmpMGWluVJnqqGqQGq5BQMx3SXD2rjW3ZgymDCEjadCKrHphhPtv/lv+VZ3FWEucTZLgzJLkiSJi0CNjO9HF6O4PnZP8b/66SbY+KOHpfhTu7jU723O3PQHf1pf7W4P/AIh/y3/00/8A2YwR/wDst/mXP9ddPRfA/wDBb+O5/rpvkCSI/wDa3Bb9af4Ln+ijltwYI2MH1rzzptwqxYS0bKFcxcNLM05VWPaJjc1usA/YXyHyFTbvY6LD2lz54EwFnnEz86dFdauUkijlcqlhuIZ3KdWyxnkkaDJcyKD4sJYAToPKbmb5UxDXaqF0dseY+Yq21Vr248x86BSWixbtq2IdtMwzqe/R0ZT6H4UfoAtkHEuRp7QY8pm1lHnBb1HhRe7iQhjv1/D8Kc1pE2YPCcBtlxcFpA0RMn2ZmO7ck0aey1rKumUgxHKOWuvOnYZ4AqTH3syeQPyNeRH1DmnyNvppPR551xLXTPsuY8goPzmreHJYCT/X4UHuXer664xhZbv5MVq8ty5mBRkKmI7JnUV6uOcVFWck4NyZwQMSx00RRtO5/wDdEjegqJrMXbtxrlwlsrdYq9mRoCRU/wCrX2dShuuBocgdhMHu93qKJyVMcYsPW2BuCRMlvmB+FTcWt2xYuyoGkTtEsBM8qz+NvNauWusLoVQlgQwMlydRvPnQzjXGOsXIruZ31YDedZ32FZwkuOxyTs1vDsWIjNsFAHwrtvF27dx3uISrHJnG4kk+fLlQHBXACDU2OxSqPtMSpytJSMp1AnfUetVFpNv4LhHlJJ+5d43eTrFFtsyhBBBnck/lRH+21uWboY5bhSCvJiSFlfcTpWXtX7japbSNp6tYnukirCvfGpCKB+7bHyHhWfJ7fuej9JNJPtfJreHj6Cz4tdPpkH50TwihlMidGHuaJ+VB1Zupw3Mst0iPFrfdVHivF3s23cMBlVABGYnrLqqzASJIUGB41OP+RnJl8mktcQH6w1nIwyopDfVM8h4irT4hc2XMM28SJjvivJF6c4vPmFu0TsPo3BhZ1jN3b0AsX2bFJfLHrGuhy082uAka7ATHlXU3o5ke8daKclys+mNEkZtt9dqt2cT41BdhjrKnV6EdeO+plxIooLC6PTmugAkkADckwB4k0Ex/EertXbixmRHYTtKqSJ8JFeb4zpbicaBhmt2YdlJEOAchzwxzHs9nUc4pt0hrbo1WFvLc4mzowZStxlZSCCDbEEEaEVr3hASBuZInmTqdTArCdHEjFozNanq2XKkxmKAdkRoNDW6ugzGpB+7HxohJSVouUZRdMjGN/cb+K3zMfb9/urq21cm5lYGAurclJOwYjcnXf0qA3VmCyeOtv5eoqykkCJAI3GSNdZ0/rWtCWZH9Ip+js/eufyW61mAP0a+Q+VZL9I/s2fO5/LbrV8OP0afdFZy/IaLoenTTCKTtQM6zVQxJO/drpodKssar3tjSZSJ1uAgRUGIGn9d9VsLxC1qjXFV1jMGYKdVDAw3epB0qDH8dwyKR1mcwdE7R/iHZHvNJTXkHBvojxvGEt4+4huoDmtgIXUTmbD55HflU/wANT43iJa7c0JEjL4LkUjlznN/ir54N0tqxknUk6kk6knvMk+tafgnTjGYW31Vtxlme0gcjQCJbUCANOVaORz0za3endlT2bdxgOei6eR1rWLiCbTNETbJ8pXavD8LEtO5SBprqTHKvacQ2WzcH7sfIV5GbFGDSibRm5dnkuNs33e6M1uC7EDNrGcxpHlT8LhMQDLPH3VmPUVPhb0i60fXf/l0/CrlviGg7A9a9VR0c/Jg98Jclz1jaETIgknNNetdBbS/q1uduqUid5dnJJ8Z+QrzG3jD1bMAJfX+Zh5716x0PcdSpiPorYjxhtPWaqOrF2zGdO8GWxUFbjZLa5sgn2ncLr7wIj5UFt8KZUXNhiIW4oZ8gLtd9ksIBlRoDy1o5xjGYnEYgjCo7l7dtzABYAZoJJMAQxG/1qlsdF+KXI6wog0jO4lYEAgWgYgeOlDgnbKT9gJi+G3cNbZyqABwontNqJneBy08fdWh4fwq1dtIbiAsEImNdDr8/hXX/AEeZFNy/iXuER2baSxkgQGdjO/dVnB9GLBjrXu3e8NcdR5ZUIpxxKbdeP/RubgrMeOCYgEorwoYx2mEwYDQogGI51lb3F4uMo+kVSQrSRnIO8mYBgx7q1uK4/bFhsOEv2zk6sOtssoBQAOCDJGsd9eaGxcU6oyxzKmPiKyeOKN16nI/g9d4/xPCjqbAvfsVliTl/aKtxe1seW01UxfEbd+w1tHRiShOo0hwxEzPvrzbBYW5euLbtqWuOTlEgTALHUkDYGiOCwF7LecadRpc7agrqwIAntkZTMVMcaU3KzOU21sI8ed1uocOfqZWyMNCRDjkIMnzof/ZNxguRbhkGSbbqFIjSdc3PXbSi3Rq9eYHFHKbVphnGUl3BBzlFCENkBzNtoK0+CZ7zKbd65kcHK/6uVXUEgywAIgbzuRpRObTEtgfgRcWyNQ8nfUAKAZM8o/Ci1rGOIEkxGvjAmjGA4VeFwO9/rRqIyKiwfEEzsPSi2IwVhVzXBb3AkwB6mphKVtvaHNp9dgTg+PS7c6strDGNQezE/MUfOEX971plv9XmQ1ue8OJ9QasAWzsw/wAw/nVcmS0jG9IeIMGu2k9kWnB7QMlwwU6byQsedYfgd3JirYIOrHQAswOVh7IEmDv3V7G/CcMxk27ZPjB+dJeC4cRFsLG2XsxO8RQ7aouLSa+ABw2bmItoQ4ADPDZROQDYDtfW5xWuxzusFELksAdYga67+QnlMnQVjuB2gvErqLMKlwCTJgFRqedbp0B3AqsUOKo1nl5SutFcoxacjb/bERyPfr3eFWbFskSVZY5Zp5+Bphw0bKf/ABG/pNE7NhRoI037/wCtq2Je10effpHHZs+d35W613D1i2v3R8qy36TEjqP/AJflbrVYH9mn3R8qh7ZJaIplxgBJ0A391PoZx5j1FyN4HpmE0npDSt0DRxF72KCWyRbt9puUiDEjcydI7gaJ4l+ySeQ08+VYV7sNOa2Pu6mfP/xVjEcfdk6sMpygAsJJkAb9xjX31ywzLdnVkwvXEh6TuUvqygnOg2HO32f5cvpQt30kiPOpruKWZZiT3kyaH4nFhiAP/fgKzk1KXI1inCHFmCu2yjMh3UkehIqOiPHcNkua7tnJ911wPhFDc1dq2rPOlp0eu4ToZbzSLly4dNEtgbeJLfKtHxVyLdwEFSIlTqRJB10HKj+EfKKD9LY6tnG7AA+Y2ry5ZlkrVOy4w4+TzPhSWuoYs5klyPePzruIxNuCllGdyCAFUu2vOFBNUhgGgpB023gefIVvuh9o4fDiTlBD3bkcxtb5bZAT7vGvUxY3N7MJyUVox2ExMjqypUoQpDAqQVWIIOoOp0r1PgHErS2Za4gm0gksAAQCrT3ag6/nXl962Xe5cjVnLN5sFb8TXLmiP4K3yrKOan0NwtXZ6H0Pxdu7xDFPbYMi2rahhsdRMd4kEe6tbfe5mY5ra2xrMFmgDWZ0HOvNv0PH6XFH9xPi7n8KM9JcRcbFGz1jIrpNsAlR1lvI4Bj2g4NxSDuFNd1WzG6jo1XE7xSzvmM21naSXUE+E60GGMyr7AJIykjLMrux+yCR4+VWuN3Jw9tgCc1y0QNSdWB5f1pQhE0utM9tm3kwG28ANvdTxY0pOXwTLLdQr5HcMtBbdtSBoig7HUKAadicOh9pVjbUDc7R46H1rzzjWKW3jGRUz9ZDIqCWJbcd2rhteVXOFcScXOpfDPaNxXyF2Jk2u2BoAAcgYc9Wrk3ypo6ElV2FMdgsJgSMQMOMzNl7EA9oEmJMAGI076YnEraXktph0y3glwtOXV3yFoCwTABJnnRUJdudanUW3RbatbL9pXYFcykbAggwdNx3akMLhnFi2rKoYRmUezOk5fCZ/OrjJKO429+f+CJRd9g7G3bqXrdu1aQ4d2QOwQmJJz9rYaZfWirYa2B2baDyUVLBAUajtTGkbCKlDmdflWU5LWq/2KUXvYPu4ll0Ft2P3Tl9Y+VZ7iPX3WPWK+UHRcrBR4xGp8TW1zUy7dVFLMwVRuTXPNN+dG0KXgw6YE80PoakXCjuFFsdxdrnZtyqd+zN+Qqmgrklp6ZsiuMIvcKeMKvd8asAU8Cp5MCl0UQ/r9wD/hv47Mgrf9U3f8DXk3E7GS6SbvVlpI7NzYn7SiKCJxu6bq2VuXZZ1QMHOU5mChu+Na9fFkXFHO+z6JsN2F9Kqm4w2j46juNeZJwHH8sUP826PklSf2BxMbYof593/RVRmpdAEP0l3SeoJ7ru3/x1rcAPo0+6PlXneJ6McQuD6S4lyAcua5caJ3jMumw9K9Gwy5UUHcAT7hT8jJWaqeLXMrL3gj1EVZJqG5UspIweJ4ffDRlJ8gDPvmPWh68BxEloALtJmARMADszMRvXohSq+JAVS0aLqe/TUkVlHFFG8s0nXweb4DhvWkhrhWBOgme/c6cvWi3DuH20ghe1MZjqdvh7qfw7h3V9ssSxXaAAM0EjvP8AWlRJiSgByMwzAdgSRJiY7hufClLGlr9nOsspPb8hC1waxcLG7bS5GgzKDE6mPEwP6NUMJ0QsnOf2alyVUD6ug+YPuiinDMUWuPby/URgdYzMzqU1A1GUH/F66TD2gigad5PedtNNtI91VHUUhSbcm0Vn4jbT2riL5so+Zqn0kuTY/wAaj5n8KwGB6B4q4AyoyBtzeISAf3FlpjvFelYjhYa2qOxMEHs6DTSJ9/hXKvRyUlx2H1E07MNZbM4tsvtGFPMj56SN60eOtXHttbtpObKsBgsWwYJJPhyq5ewVu2Bktrm5GJaOcM2o1jnQfHdILlhyi4d3MdogqMrAsMokEHSD7xXuYYcMbb86OGb5SS9h3D+iriesuwCdkEmIA9ptjp3Gq/SXCYXDYe6qBWvOMq5nzOJBLPEwsKGMwNYqBumLGA+GvgD7F1UPvyspND+PdJrV2w1v9Xuh4IR3cPlzwHM5yx7M942rBYodm3Jhv9DK64tu8Wv+5+VFenFvtJcmCrKQRMyrmD7gW9fCqf6GU7OKPjbHoH/Oi3TDE4W5FsXc1wBgEQZ4LFQWZhosLnET9aeVaL8q+BeC3hOLA4RHuaMlzq2UAkllJkBRr7BmKH47iNuxafMUtu6yiE5mL5AB2VkkEjujU+dAejmOv33uYdbzWp7btlAZyGKM1tvqaFZO4kcquLjOHYV2BZmuSQ1zK91iRvLqrfCB761xrtmcqJMDw2wb5FwBiFY2zGqorxEn7wPuq2MZgg5AvJKDMZdRCj6x/d8dqGf25ws3WutdfOYgNbvhQe+Bb595nwrh4zw51ytdtEdzJej07ImueWOClbRsm+PZbwfFsMiZRjLV1iTP0tu2ACdhqSY/PbQUSXF2Tot62Ryi5bP40FsWsFd0w6Wb7aSLaXIUn7bG4Ag8T7gTpR7A9HMMmV2sWusGsgMyg8iA5O3f8qTxwfSFyfknwqC52wXAGzGIbTdYaSPGIPKasfqv73w/81PeuqgLMwVVBJJMAAbkk7CvNelHTdrpNnCkoh7LXNQ7zoQnNF8dz4c4nCK7KUn4NRiekFlbrWVY3XRSzZPZBDKoQtPtS3KYjXXSs/jcbcutmuTA9lQDlX8z41R6OYS2t9rdvUqhzmZMlrcAgbbHT31rktjnXDkhyddI1U6RnlvjvqZcQv2h60eSyKlFgeHpWf8AS/JX1QCt9e8etSLcHf8AGjYwqHcL6VDi1s2lL3AiqCBJA3JgDbmSKX9K/cPqmZxd76RjMZBr4BLbEn/9yelZ3DRcxOHjX6ZJ8OcVd6SYxChFtcpYtLBYEG5mCnaRkS2I8fCh/Ry9bONsKrsxOSSVIm4DLeQhn1/cWto4nBFKfJHq1oHyqhjeklvC4i3YvElbiZus+wcxUZgPqmDryju2K201rzvpSFxV13Q5SvYRtwVXST4EyR3TWnpopytmWRutHqdt1YAqQQRIIMgjvBG9OLV4lwrjWMwFs9rMC6gIxzJlysWYc1nQcq2PC/0k4W4ALqtZbn9dPcw19RXSwizdF6jZqFWOkGFuexftHwzgH0OtcfjWHE/S2/41/OszVUESahxWKt2kL3HCqokk8gKzeP6a4VMwVzcZVLFU7l31MV51xrpZiMa3VouW2T7C6k9xdv6FAm0bziPFLRfMjMqFVbMQFXtgke0N4+rEjnuKl6P2LNxiBcnLqUJXMf3oGuX8aBN0fv30S6b6yyiItgRAAykg6kZYnwqThnRzFWb1u8LiMEaSApWVOjjQ6ypO/OKx572DUa0tnobYG32IEZTOhiTHPvqz14GkfCgOO6QWrSksxkAtGUhiB3ZgB+FX0ZyJgVaa8EUYPpP0mwuKW3ku37LoWhxbf2WWGWFO8hTPLL40N4NxDB2mz3cZi7j6wSL6xIg7Hz9aJrxngh3W6P8ADf8A9RpzcW4Hy6z+HEVunRlXwXrXTHhwgG7cMGe2L7azOpZSfdMVI3TUXH6vC2bt395FKgDXXtdphPgo8aGpxHgkyWfyK4iD8KNYbpfw1FyW7yW1+ytu4o84Cb+NbRm0uyXH4JcJh8eYJvNB3DslsqO4gJdk+RjbUyQLvFcPZFojFXdHQW2Znyz9ZgkW5kxJjko7qht9LsDyxae8OPmtR8Q43wy+oW7fw9wAyA7AwYiQG2OtTyfuCXwU+G8MwJHVWMZcS25zOhuBFeBoCzKCRE6a+6i+Fx/DrGa3bu2VgZW+kRWOnPM2bnzrO4Pg/Bs5vLjLSvmMfS2gBI5LoBvVm9wDhtxixxdlidyWtMTp96tu49kdPoIcHTCWbjXExVt3bNBa7bhVYzlUKYA0Gu+m9OvtYJy2rOGJ07TImXX7sTr40GHQbBvqt+0R9xCPhcpf/T2wdntH/B+T1MG42ElyDGIs20UsyYQKOfVMok7AHrNT4DXwqXh3CUuAvcw9pEPsQLiXD4lS3Y8jr3xUvR/olhcKc6Wla5Grldf8I1CDy18TR8J31Dk2Wo0R2rCWxktqFUbACPf4nxqnxXitqxbNy6+VBtzZj9lV+sfD1qj0n6T2sGpzdu6wlLYMEzszH6i+PPkDXkHGOL3cTc6y60nZQNFRfsovIfE8yazlOilGwp0n6U3MY2X9naBlbYO8bNcP1m8Nhy7yL4Tw27ibgt2hruWOioPtMeXhzNV8HhXutlX3sdlHefy50Z4n0gXCWDhcNo7T1j/W1EHXvO3gNB4XjwuUXkn1/wBinJr7Y9jy3Vdbbw6m41pWe++cDRCQWGnb5mPGivDrONuLmS3bTUiXusDKsVMhFbmDWY6E6pjCedpVJ+/cC/jXpnBWHUr4m4fW45/GuedNtpFdIZwK5em5bvMpa26gZZIytbVg0tqdSR/gouTQtGC4s7/SWR5TYua++Lw/homDU0IRahXSLE5MLeYb5GAmPacZV/5iKJsaGcVbW0pGhuZm8FtI1yf4kT1pAYzA8HstfvOVVLSPkTUorlMiNqCOaN/Gal4Zg7C46yyNaZusKrkacqi2xEgsZ1WJ09rbWquAxWKxIChLNwBMymWtkLnZANBlJlTsBos8670bwznGWbhtFQl10dgwZFZUZYkGd/DupzX2v9GsO9novFbpSy7AwYgebdkH4z7qxA7q2XG7Zaw0coaPBTr8NfdWMJqfSVxb+Ss3YxhQzE8ItNJClD3oYH8J0ooaiNdTM0R2Ftrhbdi4Hu5XuPCO1opOxGZSpntGJ0Lc5MUekGF6wWUtEKiW4YMe3mLbOyoM5ChdfPxJvsKjisuJVgbB8IyTmbNmUqQBGhInX3eFFbNpUEKoUdwEf+6fXCadCNR0ax7dWbYjsGRpyeT85ov+tt4elZLo5c+mYd6H4FTWoWvP9Q3GTo6caTXQsbbS6ht3EVlYagg+YI7jOsijmDuSgNBF/CimAHYGtLBJ7HkikeCClSpV6JyianLvSpU10A8b10V2lQhDh+FPpUqaF7kFymWt/wCu6lSql0xGm4Pyrd8G5UqVMRguln++3/vj+RaBmlSrnn2WjQ9Hv2Vz7/8A0isXxD2291KlXq5v9LjMY/yMMcB/3THf3dv/APrW3/Rn/uh/vH/lSu0q8tmkjR4v/eLH3b38qVfFcpUhHKEca9of3OI/lSlSqQMv+j7e7/dWP+5V3ob+0xH/AOXc/wCmuUqeT8X+jSPZs8V+zf7r/wAprBNvSpVHpPwZebtDDXGpUq6jMjao6VKkMVMuV2lSAv8ARv8AbH7jfzJWqX+vWlSrzfU/mdWL8RwotgPYFcpUvT9sMvSP/9k=\" width=\"284\" height=\"177\"></figure><p>bạn nên tin tưởng của hàng chúng tôi</p>',30000000,20000,2,'avt-samsung-s22-ultra-trang-large.webp','2024-06-10 13:04:04',4,42,0);
/*!40000 ALTER TABLE `products` ENABLE KEYS */;
UNLOCK TABLES;

--
-- Table structure for table `reviews`
--

DROP TABLE IF EXISTS `reviews`;
/*!40101 SET @saved_cs_client     = @@character_set_client */;
/*!50503 SET character_set_client = utf8mb4 */;
CREATE TABLE `reviews` (
  `id` int NOT NULL AUTO_INCREMENT,
  `product_id` int DEFAULT NULL,
  `users_id` int DEFAULT NULL,
  `rating` int DEFAULT NULL,
  `comment` text,
  `created_at` datetime DEFAULT NULL,
  PRIMARY KEY (`id`),
  KEY `product_id` (`product_id`),
  KEY `users_id` (`users_id`),
  CONSTRAINT `reviews_ibfk_1` FOREIGN KEY (`product_id`) REFERENCES `products` (`id`),
  CONSTRAINT `reviews_ibfk_2` FOREIGN KEY (`users_id`) REFERENCES `users` (`id`)
) ENGINE=InnoDB DEFAULT CHARSET=utf8mb4 COLLATE=utf8mb4_0900_ai_ci;
/*!40101 SET character_set_client = @saved_cs_client */;

--
-- Dumping data for table `reviews`
--

LOCK TABLES `reviews` WRITE;
/*!40000 ALTER TABLE `reviews` DISABLE KEYS */;
/*!40000 ALTER TABLE `reviews` ENABLE KEYS */;
UNLOCK TABLES;

--
-- Table structure for table `users`
--

DROP TABLE IF EXISTS `users`;
/*!40101 SET @saved_cs_client     = @@character_set_client */;
/*!50503 SET character_set_client = utf8mb4 */;
CREATE TABLE `users` (
  `id` int NOT NULL AUTO_INCREMENT,
  `email` varchar(100) DEFAULT NULL,
  `password` varchar(50) NOT NULL,
  `fullname` varchar(50) DEFAULT NULL,
  `phonename` varchar(20) DEFAULT NULL,
  `address` text,
  `roles` int NOT NULL,
  `created_at` datetime DEFAULT NULL,
  `img` text,
  PRIMARY KEY (`id`),
  UNIQUE KEY `email` (`email`),
  UNIQUE KEY `email_2` (`email`),
  UNIQUE KEY `email_3` (`email`),
  UNIQUE KEY `nique_email` (`email`)
) ENGINE=InnoDB AUTO_INCREMENT=36 DEFAULT CHARSET=utf8mb4 COLLATE=utf8mb4_0900_ai_ci;
/*!40101 SET character_set_client = @saved_cs_client */;

--
-- Dumping data for table `users`
--

LOCK TABLES `users` WRITE;
/*!40000 ALTER TABLE `users` DISABLE KEYS */;
INSERT INTO `users` VALUES (1,'','','',NULL,NULL,0,'2024-06-06 21:21:52',NULL),(4,'vanddps37009@fpt.edu.vn','duyvan','Đoàn Duy Vấn',NULL,NULL,0,'2024-06-06 21:23:34',NULL),(6,'vanddps370091@fpt.edu.vn','123','Đoàn Duy Vấn',NULL,NULL,0,'2024-06-06 21:24:36',NULL),(23,'vanddps370092@fpt.edu.vn','fdf','Đoàn Duy Vấn',NULL,NULL,0,'2024-06-06 21:29:59',NULL),(25,'fvanddps37009@fpt.edu.vn','fdf','Đoàn Duy Vấn',NULL,NULL,0,'2024-06-06 21:37:30',NULL),(30,'ffvanddps37009@fpt.edu.vn','fdf','Đoàn Duy Vấn',NULL,NULL,0,'2024-06-06 21:38:09',NULL),(31,'root@gmail.com','123','root',NULL,NULL,2,'2024-06-06 23:45:00',NULL),(32,'duyvan2001@gmail.com','123','duyvan',NULL,NULL,0,'2024-06-07 13:21:19',NULL),(34,'hieuptpd09653@fpt.edu.vn','123','hieu',NULL,NULL,0,'2024-06-10 07:20:17',NULL),(35,'demo@gmail.com','123','demo',NULL,NULL,0,'2024-06-10 14:16:02',NULL);
/*!40000 ALTER TABLE `users` ENABLE KEYS */;
UNLOCK TABLES;
/*!40103 SET TIME_ZONE=@OLD_TIME_ZONE */;

/*!40101 SET SQL_MODE=@OLD_SQL_MODE */;
/*!40014 SET FOREIGN_KEY_CHECKS=@OLD_FOREIGN_KEY_CHECKS */;
/*!40014 SET UNIQUE_CHECKS=@OLD_UNIQUE_CHECKS */;
/*!40101 SET CHARACTER_SET_CLIENT=@OLD_CHARACTER_SET_CLIENT */;
/*!40101 SET CHARACTER_SET_RESULTS=@OLD_CHARACTER_SET_RESULTS */;
/*!40101 SET COLLATION_CONNECTION=@OLD_COLLATION_CONNECTION */;
/*!40111 SET SQL_NOTES=@OLD_SQL_NOTES */;

-- Dump completed on 2024-06-11 19:54:25
